metric,topic,start_len,end_len,word_range,auc_RealSessions_A1171IQSWQS0K8,auc_RealSessions_A3K2VSBTT3WUTI,auc_RealSessions_A17TKHT8FEVH0R,auc_RealSessions_A1ZB2NY0F9QNP0,auc_RealSessions_AJQGWGESKQT4Y,auc_RealSessions_A3GWRDHAURRNK6,auc_RealSessions_A1A1ZXUVSV4YR8,auc_RealSessions_AVBRJBJONL47I,auc_topic,aucNorm_RealSessions_A1171IQSWQS0K8,aucNorm_RealSessions_A3K2VSBTT3WUTI,aucNorm_RealSessions_A17TKHT8FEVH0R,aucNorm_RealSessions_A1ZB2NY0F9QNP0,aucNorm_RealSessions_AJQGWGESKQT4Y,aucNorm_RealSessions_A3GWRDHAURRNK6,aucNorm_RealSessions_A1A1ZXUVSV4YR8,aucNorm_RealSessions_AVBRJBJONL47I,score_limit,limit_wordCount_RealSessions_A1171IQSWQS0K8,limit_wordCount_RealSessions_A3K2VSBTT3WUTI,limit_wordCount_RealSessions_A17TKHT8FEVH0R,limit_wordCount_RealSessions_A1ZB2NY0F9QNP0,limit_wordCount_RealSessions_AJQGWGESKQT4Y,limit_wordCount_RealSessions_A3GWRDHAURRNK6,limit_wordCount_RealSessions_A1A1ZXUVSV4YR8,limit_wordCount_RealSessions_AVBRJBJONL47I,limit_wordCount_topic,limit_relativeWordCount_RealSessions_A1171IQSWQS0K8,limit_relativeWordCount_RealSessions_A3K2VSBTT3WUTI,limit_relativeWordCount_RealSessions_A17TKHT8FEVH0R,limit_relativeWordCount_RealSessions_A1ZB2NY0F9QNP0,limit_relativeWordCount_RealSessions_AJQGWGESKQT4Y,limit_relativeWordCount_RealSessions_A3GWRDHAURRNK6,limit_relativeWordCount_RealSessions_A1A1ZXUVSV4YR8,limit_relativeWordCount_RealSessions_AVBRJBJONL47I,wordcount_limit_-inf,limit_F1score_RealSessions_A1171IQSWQS0K8_-inf,limit_F1score_RealSessions_A3K2VSBTT3WUTI_-inf,limit_F1score_RealSessions_A17TKHT8FEVH0R_-inf,limit_F1score_RealSessions_A1ZB2NY0F9QNP0_-inf,limit_F1score_RealSessions_AJQGWGESKQT4Y_-inf,limit_F1score_RealSessions_A3GWRDHAURRNK6_-inf,limit_F1score_RealSessions_A1A1ZXUVSV4YR8_-inf,limit_F1score_RealSessions_AVBRJBJONL47I_-inf,limit_F1score_avg_-inf,wordcount_limit_100,limit_F1score_RealSessions_A1171IQSWQS0K8_100,limit_F1score_RealSessions_A3K2VSBTT3WUTI_100,limit_F1score_RealSessions_A17TKHT8FEVH0R_100,limit_F1score_RealSessions_A1ZB2NY0F9QNP0_100,limit_F1score_RealSessions_AJQGWGESKQT4Y_100,limit_F1score_RealSessions_A3GWRDHAURRNK6_100,limit_F1score_RealSessions_A1A1ZXUVSV4YR8_100,limit_F1score_RealSessions_AVBRJBJONL47I_100,limit_F1score_avg_100,wordcount_limit_150,limit_F1score_RealSessions_A1171IQSWQS0K8_150,limit_F1score_RealSessions_A3K2VSBTT3WUTI_150,limit_F1score_RealSessions_A17TKHT8FEVH0R_150,limit_F1score_RealSessions_A1ZB2NY0F9QNP0_150,limit_F1score_RealSessions_AJQGWGESKQT4Y_150,limit_F1score_RealSessions_A3GWRDHAURRNK6_150,limit_F1score_RealSessions_A1A1ZXUVSV4YR8_150,limit_F1score_RealSessions_AVBRJBJONL47I_150,limit_F1score_avg_150,wordcount_limit_250,limit_F1score_RealSessions_A1171IQSWQS0K8_250,limit_F1score_RealSessions_A3K2VSBTT3WUTI_250,limit_F1score_RealSessions_A17TKHT8FEVH0R_250,limit_F1score_RealSessions_A1ZB2NY0F9QNP0_250,limit_F1score_RealSessions_AJQGWGESKQT4Y_250,limit_F1score_RealSessions_A3GWRDHAURRNK6_250,limit_F1score_RealSessions_A1A1ZXUVSV4YR8_250,limit_F1score_RealSessions_AVBRJBJONL47I_250,limit_F1score_avg_250,wordcount_limit_350,limit_F1score_RealSessions_A1171IQSWQS0K8_350,limit_F1score_RealSessions_A3K2VSBTT3WUTI_350,limit_F1score_RealSessions_A17TKHT8FEVH0R_350,limit_F1score_RealSessions_A1ZB2NY0F9QNP0_350,limit_F1score_RealSessions_AJQGWGESKQT4Y_350,limit_F1score_RealSessions_A3GWRDHAURRNK6_350,limit_F1score_RealSessions_A1A1ZXUVSV4YR8_350,limit_F1score_RealSessions_AVBRJBJONL47I_350,limit_F1score_avg_350
R1,D0601,105,333,228,66.77853209,72.50839908,67.66221317,66.76180878,,,,,68.42773828,0.292888299,0.318019294,0.296764093,0.292814951,,,,,0.37,,227.7392179,334.3415083,,,,,,281.0403631,1,0.199914271,0.382652555,1,1,1,1,1,#NAME?,0.22239,0.22239,0.22239,0.22239,,,,,0.22239,100,0.24134,0.235485,0.24533,0.239043,,,,,0.2402995,150,0.309018571,0.291557143,0.299768846,0.299840769,,,,,0.300046332,250,0.337249,0.394296829,0.344854348,0.326161,,,,,0.350640294,350,0.328688974,0.387120909,0.37638475,0.35865,,,,,0.362711158
R1,D0603,105,333,228,80.42228857,78.24878092,80.30908441,74.79294836,,,,,78.44327556,0.352729336,0.343196408,0.352232826,0.328039247,,,,,0.37,168.6400966,176.613847,180.1106682,210.5737374,,,,,183.9845873,0.343686653,0.127655337,0.197825685,0.162373104,1,1,1,1,#NAME?,0.21358,0.21358,0.21358,0.21358,,,,,0.21358,100,0.25234,0.25234,0.24671125,0.246752449,,,,,0.249535925,150,0.342763529,0.337764561,0.328964419,0.329917097,,,,,0.334852402,250,0.424147143,0.406854889,0.427042759,0.390780465,,,,,0.412206314,350,,0.4136404,0.434054444,0.41077,,,,,0.419488281
R1,D0605,105,333,228,66.47454852,66.59460355,68.93154693,66.80481111,,,,,67.20137753,0.291555037,0.292081594,0.302331346,0.293003557,,,,,0.37,,321.499678,293.8181818,271.6860521,,,,,295.6679707,1,0.4257879,0.500789533,0.39404836,1,1,1,1,#NAME?,0.20498,0.20498,0.20498,0.20498,,,,,0.20498,100,0.215111613,0.215111613,0.217944528,0.215111613,,,,,0.215819842,150,0.28123,0.28123,0.297115588,0.266345161,,,,,0.281480187,250,0.354474828,0.349521463,0.363965897,0.353043962,,,,,0.355251538,350,0.35648871,0.375458113,0.370079167,0.383405714,,,,,0.371357926
R1,D0608,105,333,228,68.70809901,71.68456991,63.54863473,66.14522,,,,,67.52163091,0.301351311,0.314406008,0.278722082,0.290110614,,,,,0.37,,,,,,,,,nan,1,1,1,1,1,1,1,1,#NAME?,0.22172,0.22172,0.22172,0.22172,,,,,0.22172,100,0.237320682,0.233479211,0.2332976,0.227171,,,,,0.232817123,150,0.305605385,0.301645854,0.28902875,0.262623171,,,,,0.28972579,250,0.348715714,0.36766,0.325852826,0.35364,,,,,0.348967135,350,0.357981304,0.365596667,0.328062712,0.368979512,,,,,0.355155049
R1,D0614,105,333,228,83.4301357,86.71738346,78.72947553,83.0636454,,,,,82.98516002,0.365921648,0.380339401,0.345304717,0.364314234,,,,,0.37,152.3172456,139.6949841,217.1461558,167.3910361,,,,,169.1373554,0.197866393,0.091838739,0.180997395,0.14762907,1,1,1,1,#NAME?,0.27143,0.27143,0.27143,0.27143,,,,,0.27143,100,0.291318431,0.293684571,0.291385294,0.287842759,,,,,0.291057764,150,0.368803492,0.388226667,0.34680125,0.350528364,,,,,0.363589943,250,0.422454694,0.437186,0.405965833,0.429655122,,,,,0.423815412,350,0.429350909,0.456165897,0.412089615,0.437365128,,,,,0.433742888
R1,D0615,105,333,228,67.77922436,68.16359898,67.79590228,69.95523509,,,,,68.42349018,0.2972773,0.298963153,0.297350449,0.306821207,,,,,0.37,,,,222.5757576,,,,,222.5757576,1,1,1,0.187435715,1,1,1,1,#NAME?,0.20813,0.20813,0.20813,0.20813,,,,,0.20813,100,0.247595517,0.236617586,0.23382,0.236617586,,,,,0.238662672,150,0.317734,0.298224828,0.296713684,0.298224828,,,,,0.302724335,250,0.345447027,0.349901667,0.35593569,0.3722625,,,,,0.355886721,350,0.351925385,0.36554087,0.35842619,0.357413529,,,,,0.358326494
R1,D0616,105,333,228,79.21699287,83.24608448,80.19017814,80.75762735,,,,,80.85272071,0.347442951,0.365114406,0.351711308,0.35420012,,,,,0.37,169.5669849,153.8102301,167.4619275,155.6550436,,,,,161.6235465,0.220731466,0.138779936,0.153545846,0.107856058,1,1,1,1,#NAME?,0.25811,0.25811,0.25811,0.25811,,,,,0.25811,100,0.274485957,0.278409231,0.2754955,0.282793043,,,,,0.277795933,150,0.345563846,0.363725577,0.350689615,0.364954444,,,,,0.356233371,250,0.404120635,0.431923023,0.420729545,0.419149394,,,,,0.418980649,350,0.422168261,0.429177222,0.416462903,0.409441818,,,,,0.419312551
R1,D0617,105,333,228,72.78367282,72.70199424,73.57084979,76.86742842,,,,,73.98098632,0.319226635,0.318868396,0.322679166,0.337137844,,,,,0.37,216.554954,270.4710145,207.5932244,213.1849116,,,,,226.9510261,0.334683586,0.384479949,0.231699503,0.237075816,1,1,1,1,#NAME?,0.22888,0.22888,0.22888,0.22888,,,,,0.22888,100,0.254302353,0.261822368,0.27151,0.262371379,,,,,0.262501525,150,0.314575667,0.33249,0.335100256,0.334061842,,,,,0.329056941,250,0.375837826,0.367077586,0.384563115,0.40499,,,,,0.383117132,350,0.396403051,0.372639796,0.35777,0.404298113,,,,,0.38277774
R1,D0620,105,333,228,69.59091576,70.05966982,68.94276315,69.57392918,,,,,69.54181948,0.305223315,0.307279254,0.30238054,0.305148812,,,,,0.37,,,,,,,,,nan,1,1,1,1,1,1,1,1,#NAME?,0.27292,0.27292,0.27292,0.27292,,,,,0.27292,100,0.2764576,0.2764576,0.275697222,0.275454286,,,,,0.276016677,150,0.323218246,0.319376296,0.321984259,0.306922333,,,,,0.317875284,250,0.346094333,0.352715208,0.333260488,0.3575244,,,,,0.347398607,350,0.354861724,0.346790455,0.363977037,0.365228148,,,,,0.357714341
R1,D0624,105,333,228,79.75779755,82.54933046,85.11562627,84.79032357,,,,,83.05326946,0.349814902,0.362058467,0.37331415,0.371887384,,,,,0.37,171.5793026,158.4720882,131.4441301,138.706753,,,,,150.0505685,0.268906042,0.156865669,0.114933613,0.078533962,1,1,1,1,#NAME?,0.24634,0.24634,0.24634,0.24634,,,,,0.24634,100,0.282686809,0.29297,0.297244,0.292422143,,,,,0.291330738,150,0.348684444,0.361219286,0.387042143,0.38526,,,,,0.370551468,250,0.423328182,0.427911224,0.432035714,0.44287549,,,,,0.431537653,350,0.435742571,0.4368484,0.451721774,0.443304082,,,,,0.441904207
R1,D0627,105,333,228,,,,,71.3249057,76.43436953,75.88795542,,74.54907688,,,,,0.312828534,0.335238463,0.33284191,,0.37,,,,,225.651779,189.7224501,190.4689042,,201.9477111,1,1,1,1,0.281556006,0.121171087,0.237429328,1,#NAME?,,,,,0.21897,0.21897,0.21897,,0.21897,100,,,,,0.240383913,0.243454444,0.247041707,,0.243626688,150,,,,,0.302694,0.32246913,0.329459302,,0.318207478,250,,,,,0.381522857,0.402509024,0.40619413,,0.396742004,350,,,,,0.40891,0.407106812,0.411301111,,0.409105974
R1,D0628,105,333,228,,,,,78.26974509,75.91268885,79.17388892,,77.78544095,,,,,0.343288356,0.33295039,0.347253899,,0.37,,,,,184.1947769,198.4062153,153.3828136,,178.6612686,1,1,1,1,0.198141917,0.207177842,0.148604696,1,#NAME?,,,,,0.23657,0.23657,0.23657,,0.23657,100,,,,,0.279106061,0.279106061,0.279106061,,0.279106061,150,,,,,0.342725581,0.328512,0.364354545,,0.345197376,250,,,,,0.404347442,0.384452632,0.396647442,,0.395149172,350,,,,,0.4083172,0.410923462,0.419929608,,0.413056756
R1,D0629,105,333,228,,,,,67.64391771,70.27778335,65.71649339,,67.87939815,,,,,0.29668385,0.308235892,0.288230234,,0.37,,,,,,287.7936681,310.6570165,,299.2253423,1,1,1,1,1,0.412412161,0.655177698,1,#NAME?,,,,,0.19512,0.19512,0.19512,,0.19512,100,,,,,0.2293695,0.23931,0.215992,,0.228223833,150,,,,,0.291194,0.313950909,0.277351702,,0.294165537,250,,,,,0.357014516,0.359086182,0.343942,,0.353347566,350,,,,,0.366820769,0.376364074,0.377000426,,0.37339509
R1,D0630,105,333,228,,,,,68.18700349,64.62191499,66.6092475,67.34949672,66.69191567,,,,,0.299065805,0.283429452,0.292145822,0.295392529,0.37,,,,,,347.6119403,,,347.6119403,1,1,1,1,1,0.450715174,1,1,#NAME?,,,,,0.22054,0.22054,0.22054,0.22054,0.22054,100,,,,,0.239993043,0.236239574,0.236044,0.239404828,0.237920361,150,,,,,0.308486,0.290811818,0.300870909,0.313538305,0.303426758,250,,,,,0.355251163,0.341522174,0.352,0.351623182,0.35009913,350,,,,,0.364677442,0.3704,0.345689592,0.365765,0.361633008
R1,D0631,105,333,228,,,,,81.42626221,78.96546579,78.73439567,78.77182206,79.47448643,,,,,0.357132729,0.346339762,0.345326297,0.345490448,0.37,,,,,175.4315392,168.7072758,168.0247246,201.6442869,178.4519566,1,1,1,1,0.386893149,0.177941028,0.154663403,0.341424693,#NAME?,,,,,0.24749,0.24749,0.24749,0.24749,0.24749,100,,,,,0.290598235,0.296254211,0.28400871,0.28396,0.288705289,150,,,,,0.344376667,0.35618,0.353265682,0.334589459,0.347102952,250,,,,,0.425066061,0.3955835,0.397799231,0.413607317,0.408014027,350,,,,,,0.415438226,0.405678235,0.42730027,0.41613891
R1,D0640,105,333,228,,,,,75.08163786,79.34436741,82.71865034,,79.04821853,,,,,0.329305429,0.348001611,0.362801098,,0.37,,,,,214.9726912,159.8513732,156.3158813,,177.0466486,1,1,1,1,0.380479698,0.183523258,0.218150087,1,#NAME?,,,,,0.2448,0.2448,0.2448,,0.2448,100,,,,,0.263625714,0.3026776,0.285911304,,0.28407154,150,,,,,0.33609,0.3602432,0.365864,,0.354065733,250,,,,,0.385500769,0.405094878,0.4274,,0.405998549,350,,,,,0.394553,0.4075425,0.420937143,,0.407677548
R1,D0643,105,333,228,,,,,82.06187429,77.31783607,80.94383352,,80.10784796,,,,,0.359920501,0.339113316,0.355016814,,0.37,,,,,156.994952,186.4878163,147.5259638,,163.6695774,1,1,1,1,0.295979808,0.130173354,0.118832346,1,#NAME?,,,,,0.26172,0.26172,0.26172,,0.26172,100,,,,,0.287827143,0.280476667,0.280476667,,0.282926825,150,,,,,0.361339375,0.34315,0.374837692,,0.359775689,250,,,,,0.424314762,0.401914091,0.408574359,,0.411601071,350,,,,,,0.397581429,0.440495,,0.419038214
R1,D0645,105,333,228,,,,,72.93510654,74.82587525,65.24866809,,71.00321662,,,,,0.319890818,0.328183663,0.286178369,,0.37,,,,,226.3158411,209.8508889,,,218.083365,1,1,1,1,0.406432892,0.213922387,1,1,#NAME?,,,,,0.21164,0.21164,0.21164,,0.21164,100,,,,,0.248626667,0.248626667,0.234992,,0.244081778,150,,,,,0.316550789,0.315249535,0.28376,,0.305186775,250,,,,,0.378668889,0.385228305,0.324797586,,0.36289826,350,,,,,0.394070233,0.395315,0.35797,,0.382451744
R1,D0647,105,333,228,,,,,75.26633735,69.58656936,80.43887583,,75.09726084,,,,,0.330115515,0.305204252,0.352802087,,0.37,,,,,223.0629045,231.5509905,172.3026689,,208.972188,1,1,1,1,0.401888617,0.318193597,0.199784666,1,#NAME?,,,,,0.20463,0.20463,0.20463,,0.20463,100,,,,,0.2517272,0.22347,0.237918387,,0.237705196,150,,,,,0.339429286,0.29059,0.3325344,,0.320851229,250,,,,,0.389633585,0.3762865,0.435742545,,0.40055421,350,,,,,0.432778919,0.391522258,0.447276897,,0.423859358
R1,D0650,105,333,228,,,,,66.44050932,60.09808974,62.74673352,67.29055198,64.14397114,,,,,0.291405743,0.263588113,0.275204972,0.295134,0.37,,,,,409.1746032,,,,409.1746032,1,1,1,1,0.619016738,1,1,1,#NAME?,,,,,0.25557,0.25557,0.25557,0.25557,0.25557,100,,,,,0.257762727,0.257762727,0.255683333,0.262439032,0.258411955,150,,,,,0.282359796,0.289325128,0.273628857,0.297703636,0.285754354,250,,,,,0.342669831,0.307009032,0.32600661,0.33708,0.328191368,350,,,,,0.35833,0.305489104,0.336621273,0.352225208,0.338166396
R1,AVG,105,333,228,73.49422073,75.24744149,73.47962744,73.95129773,73.86372995,72.73849603,73.82187422,71.13729025,73.81061508,0.322343073,0.330032638,0.322279068,0.324347797,0.323963728,0.319028491,0.32378015,0.312005659,0.37,,,,,,,,,226.326432,0.636587414,0.45253218,0.476244413,0.431495208,0.497038882,0.321522989,0.473264222,0.780474898,#NAME?,0.234848,0.234848,0.234848,0.234848,0.229705,0.229705,0.229705,0.2412,0.2322765,100,0.257295896,0.257637718,0.258843539,0.256557926,0.25890202,0.260737795,0.255717417,0.26193462,0.258030861,150,0.325719718,0.327546021,0.325320881,0.319867801,0.322524549,0.321048172,0.325592709,0.315277134,0.323993497,250,0.378186938,0.388504789,0.379420622,0.385008233,0.384398987,0.375868632,0.38191039,0.367436833,0.382019841,350,0.381512321,0.394897873,0.386902859,0.393885605,0.391057195,0.387768286,0.396289928,0.381763493,0.392350682
R1,STD,0,0,0,6.199904276,6.606849418,6.787330102,6.744504593,5.297060539,6.108385096,7.379587031,5.398482842,5.934985229,0.027192563,0.02897741,0.029768992,0.02958116,0.023232722,0.026791163,0.03236661,0.023677556,0.37,,,,,,,,,70.00946165,0.365770722,0.372804116,0.359373275,0.380879237,0.272028773,0.250272167,0.373291961,0.310455377,#NAME?,0.024253549,0.024253549,0.024253549,0.024253549,0.021530702,0.021530702,0.021530702,0.014976611,0.023076298,100,0.022417925,0.025891424,0.025566863,0.025934645,0.020007068,0.025787256,0.023788415,0.01819307,0.023349758,150,0.024341199,0.033602857,0.029357236,0.038379917,0.024663347,0.024997997,0.037103687,0.015108687,0.027662024,250,0.034635748,0.033708411,0.038025282,0.036505705,0.026562322,0.029992271,0.03932028,0.03318294,0.030915386,350,0.037505447,0.034653281,0.037381814,0.030151791,0.024323334,0.030717594,0.037409623,0.032670375,0.030278742
R1,BootAvg,,,,,,,,,,,,73.79328071,,,,,,,,,,,,,,,,,,225.7043949,,,,,,,,,#NAME?,,,,,,,,,0.23227925,100,,,,,,,,,0.257976132,150,,,,,,,,,0.324024723,250,,,,,,,,,0.382097197,350,,,,,,,,,0.392353929
R1,BootLower,,,,,,,,,,,,71.22323942,,,,,,,,,,,,,,,,,,196.9399505,,,,,,,,,#NAME?,,,,,,,,,0.2224309,100,,,,,,,,,0.24810452,150,,,,,,,,,0.311935237,250,,,,,,,,,0.368473037,350,,,,,,,,,0.378925549
R1,BootUpper,,,,,,,,,,,,76.39269196,,,,,,,,,,,,,,,,,,260.7031602,,,,,,,,,#NAME?,,,,,,,,,0.242626063,100,,,,,,,,,0.26828511,150,,,,,,,,,0.335962053,250,,,,,,,,,0.395650466,350,,,,,,,,,0.405671141
,,,,,,,,,,,,,,,,,,,,,,,,,,,,,,,,,,,,,,,,,,,,,,,,,,,,,,,,,,,,,,,,,,,,,,,,,,,,,,,,,,,,,,,,,
R2,D0601,105,333,228,8.308546095,15.1475838,10.9558076,9.722183406,,,,,11.03353022,0.036440992,0.066436771,0.048051788,0.042641155,,,,,0.06,,155.0370072,329.0999108,295.0009355,,,,,259.7126178,1,0.097372366,0.374576134,0.302024473,1,1,1,1,#NAME?,0.02778,0.02778,0.02778,0.02778,,,,,0.02778,100,0.029678,0.031745,0.037856667,0.029691,,,,,0.032242667,150,0.036456571,0.057018571,0.055708462,0.036129231,,,,,0.046328209,250,0.035373,0.088148049,0.052235217,0.0428765,,,,,0.054658192,350,0.051585385,0.084047273,0.06585725,0.0666225,,,,,0.067028102
R2,D0603,105,333,228,11.20131612,10.04371847,10.86012231,8.282894122,,,,,10.09701275,0.049128579,0.044051397,0.047632115,0.036328483,,,,,0.06,267.4250923,507.7716933,300.0529231,343.113748,,,,,354.5908642,0.731078793,0.569788643,0.437231383,0.328463343,1,1,1,1,#NAME?,0.01535,0.01535,0.01535,0.01535,,,,,0.01535,100,0.025005102,0.025005102,0.022685357,0.019332245,,,,,0.023006952,150,0.045638235,0.043141228,0.040918372,0.027697419,,,,,0.039348814,250,0.055181429,0.054227333,0.058227241,0.04719814,,,,,0.053708536,350,,0.0517484,0.072871111,0.06187,,,,,0.06216317
R2,D0605,105,333,228,12.92344065,14.82807112,13.42322932,12.46018743,,,,,13.40873213,0.056681757,0.0650354,0.058873813,0.054649945,,,,,0.06,182.0615385,173.1561997,137.3933108,234.3258993,,,,,181.734237,0.246743941,0.150568088,0.112638488,0.3121182,1,1,1,1,#NAME?,0.03977,0.03977,0.03977,0.03977,,,,,0.03977,100,0.04253129,0.04253129,0.043335283,0.04253129,,,,,0.042732288,150,0.055140426,0.055140426,0.063709118,0.051358387,,,,,0.056337089,250,0.069774138,0.080457073,0.07107359,0.064110755,,,,,0.071353889,350,0.067989677,0.090916415,0.072646667,0.077334286,,,,,0.077221761
R2,D0608,105,333,228,7.727734555,10.26790491,5.577364481,8.488083,,,,,8.015271737,0.033893573,0.045034671,0.024462125,0.037228434,,,,,0.06,,494.2552504,,307.9014085,,,,,401.0783294,1,0.612849925,1,0.33013913,1,1,1,1,#NAME?,0.01972,0.01972,0.01972,0.01972,,,,,0.01972,100,0.023690227,0.021510526,0.020278,0.020536,,,,,0.021503688,150,0.038306923,0.035357317,0.02866625,0.024724634,,,,,0.031763781,250,0.038102245,0.05688,0.028546522,0.045858529,,,,,0.042346824,350,0.039992174,0.053113333,0.028602881,0.063712439,,,,,0.046355207
R2,D0614,105,333,228,16.5972036,20.21239596,15.50955251,16.93377703,,,,,17.31323228,0.072794753,0.088650859,0.068024353,0.074270952,,,,,0.06,102.7298876,103.1559757,111.3066813,104.4821747,,,,,105.4186798,0.042905899,0.025644884,0.031506612,0.029156638,1,1,1,1,#NAME?,0.05401,0.05401,0.05401,0.05401,,,,,0.05401,100,0.05880902,0.058664571,0.056963824,0.058265862,,,,,0.058175819,150,0.076179048,0.093073333,0.066104375,0.071135455,,,,,0.076623053,250,0.080928367,0.100774667,0.084845833,0.086036829,,,,,0.088146424,350,0.088980606,0.10808,0.08744,0.098099487,,,,,0.095650023
R2,D0615,105,333,228,10.77567224,13.41203403,9.251484386,13.89110818,,,,,11.83257471,0.04726172,0.058824711,0.040576686,0.060925913,,,,,0.06,,162.7160494,374.6421862,162.7160494,,,,,233.358095,1,0.16318918,0.437988424,0.109289882,1,1,1,1,#NAME?,0.02835,0.02835,0.02835,0.02835,,,,,0.02835,100,0.034092414,0.035222069,0.02926,0.035222069,,,,,0.033449138,150,0.0521728,0.05485,0.034146316,0.05485,,,,,0.049004779,250,0.055362432,0.06971,0.053434828,0.0781375,,,,,0.06416119,350,0.054208462,0.07615,0.057159048,0.067709412,,,,,0.06380673
R2,D0616,105,333,228,13.65717404,13.71913025,15.11672007,14.39257476,,,,,14.22139978,0.059899886,0.060171624,0.066301404,0.063125328,,,,,0.06,145.3284269,167.4912837,166.2462142,154.9184358,,,,,158.4960901,0.154324457,0.168075554,0.15116676,0.106664136,1,1,1,1,#NAME?,0.03561,0.03561,0.03561,0.03561,,,,,0.03561,100,0.040861915,0.040576923,0.0379805,0.043960435,,,,,0.040844943,150,0.060976538,0.055797115,0.052468462,0.057554444,,,,,0.05669914,250,0.070524603,0.076325116,0.086415,0.073998485,,,,,0.076815801,350,0.069602174,0.075411667,0.089065161,0.075734545,,,,,0.077453387
R2,D0617,105,333,228,14.65653547,19.84929807,15.98684702,19.34762795,,,,,17.46007713,0.06428305,0.087058325,0.07011775,0.084858017,,,,,0.06,179.0517529,106.1825629,114.1852419,145.8278775,,,,,136.3118588,0.243434922,0.05458346,0.063396832,0.118070455,1,1,1,1,#NAME?,0.03555,0.03555,0.03555,0.03555,,,,,0.03555,100,0.042418235,0.054438947,0.050142766,0.042012931,,,,,0.04725322,150,0.054119333,0.08067,0.073713846,0.063119211,,,,,0.067905598,250,0.075909565,0.109474138,0.082244918,0.11575,,,,,0.095844655,350,0.098547288,0.11297551,0.082205,0.113533208,,,,,0.101815251
R2,D0620,105,333,228,10.91391707,10.71765045,10.31342648,10.26957155,,,,,10.55364139,0.047868057,0.047007239,0.045234327,0.04504198,,,,,0.06,316.0597015,,313.8421798,325,,,,,318.3006271,0.56604574,1,0.285318658,0.322033898,1,1,1,1,#NAME?,0.03986,0.03986,0.03986,0.03986,,,,,0.03986,100,0.0402188,0.0402188,0.040282778,0.039959286,,,,,0.040169916,150,0.047388947,0.046386296,0.047329074,0.040201333,,,,,0.045326413,250,0.053948667,0.055432708,0.046833171,0.0547196,,,,,0.052733536,350,0.065488966,0.053905455,0.060124074,0.06075,,,,,0.060067124
R2,D0624,105,333,228,21.81155661,17.93813607,21.28509464,18.04154582,,,,,19.76908328,0.095664722,0.078676035,0.093355678,0.079129587,,,,,0.06,,,,,,,,,nan,1,1,1,1,1,1,1,1,#NAME?,0.06662,0.06662,0.06662,0.06662,,,,,0.06662,100,0.075326383,0.0744,0.078196,0.072945,,,,,0.075216846,150,0.095678333,0.086919286,0.09664375,0.08336,,,,,0.090650342,250,0.117257576,0.087869796,0.105791429,0.093157059,,,,,0.101018965,350,0.118036857,0.0999428,0.125604677,0.094481429,,,,,0.109516441
R2,D0627,105,333,228,,,,,10.03934726,13.13215725,7.957260206,,10.37625491,,,,,0.044032225,0.057597181,0.034900264,,0.06,,,,,275.9283154,177.4319009,,,226.6801082,1,1,1,1,0.382919991,0.106812968,1,1,#NAME?,,,,,0.02017,0.02017,0.02017,,0.02017,100,,,,,0.021156087,0.021060556,0.023769024,,0.021995222,150,,,,,0.0286616,0.04318,0.031159302,,0.034333634,250,,,,,0.058708214,0.07519878,0.044182609,,0.059363201,350,,,,,0.06616,0.078473188,0.048653333,,0.064428841
R2,D0628,105,333,228,,,,,12.99259224,12.93970406,14.88148086,,13.60459238,,,,,0.056985054,0.056753088,0.065269653,,0.06,,,,,178.808554,211.1453804,122.5128205,,170.8222516,1,1,1,1,0.188185867,0.228917031,0.088546343,1,#NAME?,,,,,0.04946,0.04946,0.04946,,0.04946,100,,,,,0.052554545,0.052554545,0.052554545,,0.052554545,150,,,,,0.0563,0.054836,0.0734,,0.061512,250,,,,,0.064003721,0.065017018,0.072749767,,0.067256835,350,,,,,0.0701814,0.07218,0.083877451,,0.07541295
R2,D0629,105,333,228,,,,,10.64012738,9.436547818,5.568775643,,8.548483612,,,,,0.046667225,0.041388368,0.024424455,,0.06,,,,,,288.0566343,,,288.0566343,1,1,1,1,1,0.412939147,1,1,#NAME?,,,,,0.01533,0.01533,0.01533,,0.01533,100,,,,,0.0307425,0.022467,0.017354,,0.023521167,150,,,,,0.046266667,0.033811273,0.021128936,,0.033735625,250,,,,,0.056472258,0.049533818,0.025974,,0.043993359,350,,,,,0.056885385,0.066082593,0.053071915,,0.058679964
R2,D0630,105,333,228,,,,,15.06919941,13.05386198,15.5640674,15.58768991,14.81870468,,,,,0.06609298,0.057253781,0.068263454,0.068367061,0.06,,,,,,,,,nan,1,1,1,1,1,1,1,1,#NAME?,,,,,0.06273,0.06273,0.06273,0.06273,0.06273,100,,,,,0.064308261,0.063421915,0.0645516,0.06636931,0.064662772,150,,,,,0.072321333,0.065815,0.074380909,0.079911186,0.073107107,250,,,,,0.076061628,0.065233913,0.081506,0.074654318,0.074363965,350,,,,,0.079673721,0.070589091,0.070910204,0.082842917,0.076003983
R2,D0631,105,333,228,,,,,22.57571176,20.15286441,16.07084431,19.24555874,19.51124481,,,,,0.09901628,0.088389756,0.070486159,0.084410345,0.06,,,,,,,,,nan,1,1,1,1,1,1,1,1,#NAME?,,,,,0.07004,0.07004,0.07004,0.07004,0.07004,100,,,,,0.080889412,0.082696842,0.070125161,0.07734,0.077762854,150,,,,,0.088893333,0.09015,0.083220227,0.081344324,0.085901971,250,,,,,0.117987273,0.0955865,0.075825,0.102545854,0.097986157,350,,,,,,0.121111452,0.076921961,0.107998378,0.102010597
R2,D0640,105,333,228,,,,,18.3845508,20.15754594,19.20402482,,19.24870719,,,,,0.080633995,0.088410289,0.084228179,,0.06,,,,,,,,,nan,1,1,1,1,1,1,1,1,#NAME?,,,,,0.07591,0.07591,0.07591,,0.07591,100,,,,,0.077269286,0.0969156,0.082596087,,0.085593658,150,,,,,0.08318,0.0967712,0.09505,,0.091667067,250,,,,,0.090926923,0.099532683,0.094695,,0.095051535,350,,,,,0.099898,0.102435,0.09296,,0.098431
R2,D0643,105,333,228,,,,,29.17334464,24.54612412,24.97729986,,26.23225621,,,,,0.127953266,0.107658439,0.109549561,,0.06,,,,,,,,,nan,1,1,1,1,1,1,1,1,#NAME?,,,,,0.08675,0.08675,0.08675,,0.08675,100,,,,,0.099108393,0.096189048,0.096189048,,0.097162163,150,,,,,0.130770312,0.12098,0.127425385,,0.126391899,250,,,,,0.149151905,0.119951818,0.120672821,,0.129925514,350,,,,,,0.123802857,0.137765,,0.130783929
R2,D0645,105,333,228,,,,,17.35342168,16.45750582,12.09476202,,15.30189651,,,,,0.076111499,0.072182043,0.053047202,,0.06,,,,,117.6996036,117.6996036,212.1814433,,149.1935502,1,1,1,1,0.104721121,0.062108078,0.320051921,1,#NAME?,,,,,0.03041,0.03041,0.03041,,0.03041,100,,,,,0.046107778,0.046107778,0.03475,,0.042321852,150,,,,,0.072624737,0.066061395,0.04642,,0.061702044,250,,,,,0.092489333,0.086617797,0.060212069,,0.079773066,350,,,,,0.097266279,0.089150323,0.07457,,0.086995534
R2,D0647,105,333,228,,,,,19.40885244,19.72416126,24.72248053,,21.28516474,,,,,0.085126546,0.086509479,0.108431932,,0.06,,,,,,,,,nan,1,1,1,1,1,1,1,1,#NAME?,,,,,0.06011,0.06011,0.06011,,0.06011,100,,,,,0.0699224,0.06053,0.068099677,,0.066184026,150,,,,,0.097226429,0.06857,0.1100452,,0.09194721,250,,,,,0.097480755,0.1110245,0.132661636,,0.113722297,350,,,,,0.105027297,0.120047097,0.134584138,,0.119886177
R2,D0650,105,333,228,,,,,16.27354841,13.37876232,12.29597537,15.45153075,14.34995421,,,,,0.071375212,0.058678782,0.053929717,0.067769872,0.06,,,,,,,197.2201258,,197.2201258,1,1,1,1,1,1,0.221291929,1,#NAME?,,,,,0.06726,0.06726,0.06726,0.06726,0.06726,100,,,,,0.066437727,0.066437727,0.066286667,0.066606774,0.066442224,150,,,,,0.066571429,0.069614103,0.06082,0.068592727,0.066399565,250,,,,,0.08832661,0.065481935,0.061502712,0.072875,0.072046564,350,,,,,0.08355,0.06587194,0.061205636,0.08683125,0.074364707
R2,AVG,105,333,228,12.85730964,14.61359231,12.82796488,13.18295532,17.1910696,16.2979235,15.3336971,16.76159313,14.84909073,0.056391709,0.064094703,0.056263004,0.057819979,0.075399428,0.071482121,0.067253057,0.073515759,0.06,,,,,,,,,227.2124335,0.598453375,0.38420721,0.389382329,0.295796016,0.767582698,0.681077723,0.762989019,1,#NAME?,0.036262,0.036262,0.036262,0.036262,0.053817,0.053817,0.053817,0.066676667,0.0450395,100,0.041263139,0.042431323,0.041698117,0.040445612,0.060849639,0.060838101,0.057627581,0.070105362,0.050639798,150,0.056205716,0.060835357,0.055940802,0.051013011,0.074281584,0.070978897,0.072304996,0.076616079,0.064334267,250,0.065236202,0.077929888,0.066964775,0.07018434,0.089160862,0.083317876,0.076998161,0.083358391,0.076713525,350,0.072714621,0.080629085,0.074157587,0.077984731,0.08233026,0.090974354,0.083451964,0.092557515,0.082403744
R2,STD,0,0,0,3.948452982,3.56838717,4.163507318,3.803708453,5.440330593,4.438223375,6.053203179,1.757308294,4.608448074,0.017317776,0.015650821,0.018260997,0.016682932,0.023861099,0.019465892,0.026549137,0.007707493,0.06,,,,,,,,,84.34672364,0.376725317,0.36259641,0.336018425,0.259303264,0.360718196,0.399939937,0.365748735,0,#NAME?,0.014519907,0.014519907,0.014519907,0.014519907,0.023056165,0.023056165,0.023056165,0.003012666,0.021171956,100,0.014936942,0.015315239,0.016262606,0.015421681,0.022424501,0.025312845,0.024117777,0.00511658,0.021937834,150,0.017033312,0.018418111,0.019149682,0.017968159,0.026954624,0.024507553,0.031966328,0.005703455,0.023814368,250,0.022514459,0.018187074,0.021939747,0.022527655,0.027045114,0.021728749,0.030920915,0.013587017,0.022949125,350,0.023404457,0.021547676,0.023967012,0.017149421,0.016247786,0.022673001,0.029261931,0.011039079,0.021883121
R2,BootAvg,,,,,,,,,,,,14.82701376,,,,,,,,,,,,,,,,,,226.6846023,,,,,,,,,#NAME?,,,,,,,,,0.04509925,100,,,,,,,,,0.050556171,150,,,,,,,,,0.064292202,250,,,,,,,,,0.07650497,350,,,,,,,,,0.082243111
R2,BootLower,,,,,,,,,,,,12.90143332,,,,,,,,,,,,,,,,,,185.2897613,,,,,,,,,#NAME?,,,,,,,,,0.035948463,100,,,,,,,,,0.041275502,150,,,,,,,,0.00998981,0.054302392,250,,,,,,,,0.009476192,0.067028778,350,,,,,,,,0.00905993,0.073183181
R2,BootUpper,,,,,,,,,,,,16.93812631,,,,,,,,,,,,,,,,,,273.6416797,,,,,,,,,#NAME?,,,,,,,,,0.054318025,100,,,,,,,,,0.060392759,150,,,,,,,,0.010860887,0.075153089,250,,,,,,,,0.010401028,0.086905997,350,,,,,,,,0.010005375,0.092248486
,,,,,,,,,,,,,,,,,,,,,,,,,,,,,,,,,,,,,,,,,,,,,,,,,,,,,,,,,,,,,,,,,,,,,,,,,,,,,,,,,,,,,,,,,
RL,D0601,105,333,228,57.45206993,62.3959773,59.14035688,58.49001953,,,,,59.36960591,0.251982763,0.273666567,0.25938753,0.256535173,,,,,0.29,247.2267658,186.0367937,216.5488488,264.6595365,,,,,228.6179862,0.41129277,0.141095619,0.20115385,0.258178521,1,1,1,1,#NAME?,0.19938,0.19938,0.19938,0.19938,,,,,0.19938,100,0.213724,0.209775,0.218086667,0.2163725,,,,,0.214489542,150,0.264952571,0.260027143,0.263724615,0.269511538,,,,,0.264553967,250,0.290746,0.336049512,0.299185217,0.28396,,,,,0.302485182,350,0.284315641,0.325630909,0.32821075,0.308165,,,,,0.311580575
RL,D0603,105,333,228,66.05155881,64.71039969,67.42650509,62.25637958,,,,,65.11121079,0.289699819,0.283817543,0.295730285,0.273054296,,,,,0.29,144.1252285,150.6590909,156.5374178,168.8745298,,,,,155.0490668,0.247549916,0.093002792,0.150773289,0.110118458,1,1,1,1,#NAME?,0.18459,0.18459,0.18459,0.18459,,,,,0.18459,100,0.219588776,0.219588776,0.212855893,0.209239592,,,,,0.215318259,150,0.29630098,0.289516667,0.282605116,0.271585806,,,,,0.285002142,250,0.338787143,0.333090889,0.35665,0.325616512,,,,,0.338536136,350,,0.3339942,0.35394,0.33087,,,,,0.3396014
RL,D0605,105,333,228,54.57559432,54.81954213,56.98116626,53.9746298,,,,,55.08773313,0.239366642,0.240436588,0.249917396,0.236730832,,,,,0.29,258.5074627,253.4559112,205.9858512,259.2559753,,,,,244.3013001,0.456184829,0.299547145,0.282843303,0.36678942,1,1,1,1,#NAME?,0.18009,0.18009,0.18009,0.18009,,,,,0.18009,100,0.186838387,0.186838387,0.189039434,0.186838387,,,,,0.187388649,150,0.237140638,0.237140638,0.244474118,0.220110161,,,,,0.234716389,250,0.289410345,0.288709512,0.299994103,0.285469811,,,,,0.290895943,350,0.27987129,0.298753962,0.298201667,0.295959286,,,,,0.293196551
RL,D0608,105,333,228,55.65979864,57.76624719,50.94053725,52.91875667,,,,,54.32133494,0.244121924,0.253360733,0.223423409,0.23209981,,,,,0.29,,247.8340807,,318.012987,,,,,282.9235339,1,0.238349667,1,0.345529661,1,1,1,1,#NAME?,0.18703,0.18703,0.18703,0.18703,,,,,0.18703,100,0.198744318,0.195435526,0.1953568,0.192844,,,,,0.195595161,150,0.250857692,0.24333561,0.23098875,0.218498049,,,,,0.235920025,250,0.281235714,0.29042,0.256291957,0.273896471,,,,,0.275461035,350,0.283446957,0.296123333,0.259126102,0.292490732,,,,,0.282796781
RL,D0614,105,333,228,65.74349414,69.64963162,64.61217842,67.22122797,,,,,66.80663304,0.288348658,0.30548084,0.283386747,0.294829947,,,,,0.29,154.480597,134.5114656,179.3654091,150.9786085,,,,,154.83402,0.204626866,0.082448307,0.127634759,0.116720543,1,1,1,1,#NAME?,0.22073,0.22073,0.22073,0.22073,,,,,0.22073,100,0.234341961,0.237402857,0.236327353,0.236478966,,,,,0.236137784,150,0.288093968,0.3139,0.278373125,0.289176545,,,,,0.29238591,250,0.334652653,0.347186,0.335883333,0.350668049,,,,,0.342097509,350,0.341161212,0.356293846,0.336033846,0.339587692,,,,,0.343269149
RL,D0615,105,333,228,57.38286154,57.73264018,54.93624566,58.07047631,,,,,57.03055592,0.251679217,0.253213334,0.240948446,0.254695072,,,,,0.29,256.0480769,197.0711268,375.1956935,196.0985955,,,,,256.1033732,0.502977491,0.230158142,0.438808435,0.152870229,1,1,1,1,#NAME?,0.18779,0.18779,0.18779,0.18779,,,,,0.18779,100,0.218993103,0.20795,0.207333125,0.20795,,,,,0.210556557,150,0.2729556,0.25427,0.250478684,0.25427,,,,,0.257993571,250,0.289467838,0.298751667,0.285829483,0.307220833,,,,,0.295317455,350,0.293476923,0.300047391,0.286631429,0.288720588,,,,,0.292219083
RL,D0616,105,333,228,63.70826745,68.147778,65.87580047,66.24568269,,,,,65.99438215,0.279422226,0.298893763,0.288928949,0.29055124,,,,,0.29,154.4398827,138.8931601,150.2261841,139.9266573,,,,,145.871471,0.17928735,0.106837602,0.119816407,0.082405594,1,1,1,1,#NAME?,0.22123,0.22123,0.22123,0.22123,,,,,0.22123,100,0.233645957,0.239553462,0.23592325,0.240967826,,,,,0.237522624,150,0.286215,0.301835192,0.289836538,0.299501667,,,,,0.294347099,250,0.322146508,0.356132791,0.340602045,0.340330303,,,,,0.339802912,350,0.329732174,0.349725556,0.347370323,0.337637273,,,,,0.341116331
RL,D0617,105,333,228,58.86594632,59.36375933,60.06643277,62.83039669,,,,,60.28163378,0.258183975,0.260367365,0.263449267,0.275571915,,,,,0.29,189.7346466,174.69869,166.6321321,164.5025579,,,,,173.8920066,0.269427364,0.192166044,0.157895734,0.15106459,1,1,1,1,#NAME?,0.18894,0.18894,0.18894,0.18894,,,,,0.18894,100,0.212966471,0.217892368,0.225162766,0.214773621,,,,,0.217698806,150,0.263101,0.26879,0.281479231,0.274333421,,,,,0.271925913,250,0.305105217,0.303207586,0.307094098,0.33333,,,,,0.312184225,350,0.305113559,0.291827551,0.28767,0.323124717,,,,,0.301933957
RL,D0620,105,333,228,56.18090486,56.11037838,54.74011787,55.27021886,,,,,55.57540499,0.246407477,0.246098151,0.240088236,0.242413241,,,,,0.29,,,,,,,,,nan,1,1,1,1,1,1,1,1,#NAME?,0.22304,0.22304,0.22304,0.22304,,,,,0.22304,100,0.2261312,0.2261312,0.22561,0.22545,,,,,0.2258306,150,0.262785263,0.26294,0.268443333,0.254803667,,,,,0.262243066,250,0.279351667,0.279804167,0.262976341,0.28166,,,,,0.275948044,350,0.280539655,0.271191818,0.272611111,0.272857037,,,,,0.274299905
RL,D0624,105,333,228,68.00389744,66.60509091,69.65476855,68.57052318,,,,,68.20857002,0.298262708,0.292127592,0.305503371,0.300747909,,,,,0.29,142.6073113,144.6021531,119.7207306,127.5286861,,,,,133.6147203,0.185653193,0.129828758,0.089722001,0.064073333,1,1,1,1,#NAME?,0.214,0.214,0.214,0.214,,,,,0.214,100,0.241808936,0.24945,0.254076,0.247758214,,,,,0.248273288,150,0.296965556,0.294462143,0.324523571,0.312225,,,,,0.307044067,250,0.363362727,0.342175714,0.350085714,0.35580902,,,,,0.352858294,350,0.365009714,0.3549466,0.363453548,0.359547347,,,,,0.360739302
RL,D0627,105,333,228,,,,,57.57958081,63.5034783,60.40231061,,60.49512324,,,,,0.252542021,0.278524028,0.264922415,,0.29,,,,,203.9640844,165.2213198,172.4176978,,180.5343673,1,1,1,1,0.237830815,0.092548271,0.196403859,1,#NAME?,,,,,0.18967,0.18967,0.18967,,0.18967,100,,,,,0.199914348,0.207092222,0.206422195,,0.204476255,150,,,,,0.2372132,0.270443913,0.265490233,,0.257715782,250,,,,,0.305330357,0.33314,0.31810587,,0.318858742,350,,,,,0.33675,0.334856522,0.326854074,,0.332820199
RL,D0628,105,333,228,,,,,64.99840376,63.64474371,66.28571425,,64.97628724,,,,,0.285080718,0.279143613,0.290726817,,0.29,,,,,153.2967033,165.6095126,132.5169288,,150.4743816,1,1,1,1,0.141029026,0.151210772,0.108009589,1,#NAME?,,,,,0.20583,0.20583,0.20583,,0.20583,100,,,,,0.24423303,0.24423303,0.245215758,,0.244560606,150,,,,,0.28788814,0.282322,0.311476364,,0.293895501,250,,,,,0.335348372,0.319296842,0.334809535,,0.32981825,350,,,,,0.3390094,0.338487692,0.331714902,,0.336403998
RL,D0629,105,333,228,,,,,54.55479621,56.38564867,52.03377633,,54.3247404,,,,,0.239275422,0.247305477,0.228218317,,0.29,,,,,291.0890869,274.4292035,309.7410391,,291.7531098,1,1,1,1,0.731080723,0.385629666,0.652553121,1,#NAME?,,,,,0.16464,0.16464,0.16464,,0.16464,100,,,,,0.192882,0.193341,0.179324,,0.188515667,150,,,,,0.234838667,0.255255818,0.22723234,,0.239108942,250,,,,,0.285905161,0.287992364,0.2671368,,0.280344775,350,,,,,0.293479231,0.298795926,0.3008,,0.297691719
RL,D0630,105,333,228,,,,,55.72870584,53.06486347,56.469454,57.9755756,55.80964973,,,,,0.244424148,0.232740629,0.247673044,0.25427884,0.29,,,,,259.8405797,317.8709677,176.3989501,204.9707921,239.7703224,1,1,1,1,0.39412977,0.399081541,0.202749886,0.234410405,#NAME?,,,,,0.18556,0.18556,0.18556,0.18556,0.18556,100,,,,,0.201890435,0.198073191,0.1994536,0.202991034,0.200602065,150,,,,,0.257226667,0.242809773,0.257997273,0.271179492,0.257303301,250,,,,,0.289684186,0.279866087,0.297338,0.303609773,0.292624511,350,,,,,0.290559767,0.293687273,0.289784286,0.309557917,0.295897311
RL,D0631,105,333,228,,,,,68.68139412,66.97987261,65.16295878,63.85773049,66.170489,,,,,0.301234185,0.293771371,0.285802451,0.280077765,0.29,,,,,148.2344382,133.8304239,136.9944341,176.5683308,148.9069068,1,1,1,1,0.281067853,0.110998894,0.102511654,0.273283508,#NAME?,,,,,0.21501,0.21501,0.21501,0.21501,0.21501,100,,,,,0.247078235,0.249816316,0.243616452,0.23921,0.244930251,150,,,,,0.291365,0.30621,0.301003636,0.275714324,0.29357324,250,,,,,0.361218788,0.338678,0.322575577,0.332162195,0.33865864,350,,,,,,0.346019839,0.334593137,0.341182432,0.340598469
RL,D0640,105,333,228,,,,,62.06684461,64.56793101,66.77043871,,64.46840477,,,,,0.272223003,0.28319268,0.292852801,,0.29,,,,,163.654528,138.3393502,140.319224,,147.4377007,1,1,1,1,0.237929245,0.135290023,0.173591153,1,#NAME?,,,,,0.21555,0.21555,0.21555,,0.21555,100,,,,,0.227037143,0.2523516,0.24591,,0.241766248,150,,,,,0.28517,0.295716,0.296638,,0.292508,250,,,,,0.316601538,0.331611463,0.3445,,0.330904334,350,,,,,0.316232,0.32992,0.338845714,,0.328332571
RL,D0643,105,333,228,,,,,67.48145714,65.95361969,65.47224438,,66.3024404,,,,,0.295971303,0.289270262,0.287158967,,0.29,,,,,128.8459673,142.3624741,134.3401426,,135.1828613,1,1,1,1,0.183383869,0.074669779,0.094549066,1,#NAME?,,,,,0.236,0.236,0.236,,0.236,100,,,,,0.256023571,0.240638571,0.240638571,,0.245766905,150,,,,,0.30576875,0.29961,0.314914231,,0.306764327,250,,,,,0.347077619,0.340325,0.325698462,,0.33770036,350,,,,,,0.336979184,0.353785,,0.345382092
RL,D0645,105,333,228,,,,,61.2412038,62.53500317,56.87777032,,60.21799243,,,,,0.268601771,0.27427633,0.249463905,,0.29,,,,,213.5939086,185.9948755,267.0176817,,222.2021553,1,1,1,1,0.371094191,0.174620882,0.452827317,1,#NAME?,,,,,0.19047,0.19047,0.19047,,0.19047,100,,,,,0.216114444,0.216114444,0.208526,,0.213584963,150,,,,,0.265163421,0.266408372,0.24929,,0.260287264,250,,,,,0.317409556,0.318659153,0.284335862,,0.306801523,350,,,,,0.3401,0.337404677,0.30445,,0.327318226
RL,D0647,105,333,228,,,,,64.31434695,59.26016954,66.36428789,,63.31293479,,,,,0.282080469,0.259913024,0.291071438,,0.29,,,,,148.3127572,206.1077701,160.6151524,,171.6785599,1,1,1,1,0.188925234,0.264059085,0.173927328,1,#NAME?,,,,,0.17028,0.17028,0.17028,,0.17028,100,,,,,0.2194528,0.188164615,0.20097871,,0.202865375,150,,,,,0.292342857,0.24763,0.2759328,,0.271968552,250,,,,,0.339193396,0.319836,0.358031273,,0.339020223,350,,,,,0.357122703,0.342615806,0.36436069,,0.354699733
RL,D0650,105,333,228,,,,,56.7747717,52.42394427,53.28484352,56.89735045,54.84522749,,,,,0.249012157,0.22992958,0.233705454,0.249549783,0.29,,,,,241.1068702,,,263.6643718,252.385621,1,1,1,1,0.292036713,1,1,0.48501228,#NAME?,,,,,0.21991,0.21991,0.21991,0.21991,0.21991,100,,,,,0.219382273,0.219382273,0.220786667,0.227147742,0.221674739,150,,,,,0.245403469,0.254187436,0.239161714,0.25695,0.248925655,250,,,,,0.290987288,0.266563871,0.276050847,0.282995,0.279149252,350,,,,,0.302035,0.267559254,0.272865455,0.294556875,0.284254146
RL,AVG,105,333,228,60.36243934,61.73014447,60.43741092,60.58483113,61.34215049,60.83192744,60.91237988,59.57688552,60.93551771,0.264747541,0.270746248,0.265076364,0.265722944,0.26904452,0.266806699,0.267159561,0.261302129,0.29,,,,,,,,,195.5543929,0.445699978,0.251343408,0.356864778,0.264775035,0.305850744,0.278810891,0.315712297,0.330902064,#NAME?,0.200682,0.200682,0.200682,0.200682,0.199292,0.199292,0.199292,0.206826667,0.199987,100,0.218678311,0.219001758,0.219977129,0.217867311,0.222400828,0.220920726,0.219087195,0.223116259,0.219877717,150,0.271936827,0.272621739,0.271492708,0.266401585,0.270238017,0.272059331,0.273913659,0.267947939,0.271409136,250,0.309426581,0.317552784,0.309459229,0.3137961,0.318875626,0.313596878,0.312858223,0.306255656,0.313973367,350,0.306963014,0.317853517,0.313324878,0.314895967,0.321911013,0.322632617,0.321805326,0.315099075,0.319207575
RL,STD,0,0,0,4.728462113,5.036121033,5.894828763,5.376929406,4.763296268,4.991969068,5.523218345,3.058852471,4.762595476,0.020738869,0.02208825,0.025854512,0.023583024,0.02089165,0.021894601,0.024224642,0.01341602,0.29,,,,,,,,,51.78647256,0.297678228,0.2585207,0.335537128,0.265020534,0.160857514,0.264285913,0.283780979,0.110121898,#NAME?,0.01636009,0.01636009,0.01636009,0.01636009,0.021744283,0.021744283,0.021744283,0.015170274,0.019253992,100,0.015903443,0.0188085,0.018762782,0.018985644,0.020230186,0.023081206,0.022444703,0.015058619,0.019384177,150,0.018845992,0.024576771,0.025102054,0.029211117,0.024264071,0.021630771,0.029434328,0.007994046,0.022460209,250,0.027267502,0.026662224,0.033603733,0.029513557,0.024860018,0.024804068,0.028827308,0.020159428,0.025229435,350,0.029327139,0.028634086,0.035004847,0.026080254,0.02318897,0.02502666,0.027521156,0.019433888,0.026042438
RL,BootAvg,,,,,,,,,,,,60.95402994,,,,,,,,,,,,,,,,,,195.2925393,,,,,,,,,#NAME?,,,,,,,,,0.20000175,100,,,,,,,,,0.219902536,150,,,,,,,,,0.271352127,250,,,,,,,,,0.313938173,350,,,,,,,,,0.319136765
RL,BootLower,,,,,,,,,,,,58.88382541,,,,,,,,,,,,,,,,,,172.8921669,,,,,,,,,#NAME?,,,,,,,,0.008571238,0.191430512,100,,,,,,,,,0.211417512,150,,,,,,,,0.009776468,0.261575659,250,,,,,,,,0.011030067,0.302908106,350,,,,,,,,0.011589658,0.307547108
RL,BootUpper,,,,,,,,,,,,62.99994205,,,,,,,,,,,,,,,,,,219.7499122,,,,,,,,,#NAME?,,,,,,,,0.008361787,0.208363537,100,,,,,,,,,0.228349673,150,,,,,,,,0.010010554,0.281362682,250,,,,,,,,0.010718121,0.324656294,350,,,,,,,,0.011415727,0.330552492
,,,,,,,,,,,,,,,,,,,,,,,,,,,,,,,,,,,,,,,,,,,,,,,,,,,,,,,,,,,,,,,,,,,,,,,,,,,,,,,,,,,,,,,,,
RSU,D0601,105,333,228,18.80125161,21.64693148,19.89155643,19.08285166,,,,,19.85564779,0.08246163,0.094942682,0.087243669,0.083696718,,,,,0.11,,214.2823306,230.4058537,272.9976471,,,,,239.2286105,1,0.180934176,0.222505167,0.270227814,1,1,1,1,#NAME?,0.0357,0.0357,0.0357,0.0357,,,,,0.0357,100,0.045102,0.04156,0.045483333,0.0446285,,,,,0.044193458,150,0.078680571,0.069002857,0.073562308,0.077133077,,,,,0.074594703,250,0.106122,0.132496098,0.116034783,0.0996965,,,,,0.113587345,350,0.101098205,0.133550909,0.12970125,0.118635,,,,,0.120746341
RSU,D0603,105,333,228,24.41907886,24.31640592,25.00657199,23.84394515,,,,,24.39650048,0.107101223,0.106650903,0.109677947,0.104578707,,,,,0.11,172.9680456,180.4559353,171.124092,174.1985326,,,,,174.6866514,0.360659003,0.13278496,0.179888407,0.116790141,1,1,1,1,#NAME?,0.03452,0.03452,0.03452,0.03452,,,,,0.03452,100,0.052337347,0.052337347,0.051233214,0.051286531,,,,,0.05179861,150,0.094215098,0.092175263,0.093768837,0.094837419,,,,,0.093749154,250,0.138687143,0.139138,0.146418276,0.13784,,,,,0.140520855,350,,0.152328,0.146515556,0.14622,,,,,0.148354519
RSU,D0605,105,333,228,18.91121643,18.57643362,20.25866171,19.63085008,,,,,19.34429046,0.082943932,0.081475586,0.088853779,0.08610022,,,,,0.11,227.9858457,266.921875,205.9007444,235.4789498,,,,,234.0718537,0.372563961,0.32453038,0.28263212,0.31464682,1,1,1,1,#NAME?,0.03298,0.03298,0.03298,0.03298,,,,,0.03298,100,0.036951613,0.036951613,0.038866792,0.036951613,,,,,0.037430408,150,0.067413617,0.067413617,0.075847647,0.062436129,,,,,0.068277753,250,0.115166897,0.106237317,0.119840513,0.116052264,,,,,0.114324248,350,0.116782581,0.12627283,0.122325833,0.128824286,,,,,0.123551382
RSU,D0608,105,333,228,20.64061108,22.92676281,17.92944984,19.255874,,,,,20.18817443,0.090528996,0.100555977,0.078637938,0.084455588,,,,,0.11,228.6166667,194.8167203,415.8982188,242.9074803,,,,,270.5597715,0.332407407,0.157776171,0.575041095,0.231213821,1,1,1,1,#NAME?,0.03758,0.03758,0.03758,0.03758,,,,,0.03758,100,0.044976364,0.043399211,0.0421412,0.040874,,,,,0.042847694,150,0.080297692,0.079682439,0.0726625,0.060287317,,,,,0.073232487,250,0.115032449,0.1276,0.101980217,0.112119412,,,,,0.11418302,350,0.121364348,0.132756667,0.10409,0.127726098,,,,,0.121484278
RSU,D0614,105,333,228,28.4540682,30.25780184,26.420383,27.67293428,,,,,28.20129683,0.124798545,0.132709657,0.115878873,0.121372519,,,,,0.11,158.7614807,145.4465849,164.8768328,157.4078807,,,,,156.6231948,0.218004627,0.102258306,0.107170668,0.128828401,1,1,1,1,#NAME?,0.05267,0.05267,0.05267,0.05267,,,,,0.05267,100,0.062727451,0.06378,0.063517941,0.061655862,,,,,0.062920314,150,0.105003175,0.114666667,0.101545,0.103676364,,,,,0.106222801,250,0.158396327,0.165236667,0.151540833,0.154888049,,,,,0.157515469,350,0.166447576,0.182392051,0.153843462,0.166517436,,,,,0.167300131
RSU,D0615,105,333,228,20.84004761,21.92880999,20.90264704,22.05878002,,,,,21.43257116,0.091403718,0.096178991,0.091678276,0.096749035,,,,,0.11,213.1297989,183.1575931,223.4966799,184.2299427,,,,,201.0035037,0.381050565,0.203036244,0.214069155,0.137375904,1,1,1,1,#NAME?,0.03299,0.03299,0.03299,0.03299,,,,,0.03299,100,0.051716207,0.045930345,0.04451375,0.045930345,,,,,0.047022662,150,0.0927692,0.086458621,0.077633158,0.086458621,,,,,0.0858299,250,0.117934324,0.124875,0.123763448,0.1310475,,,,,0.124405068,350,0.121272308,0.131345652,0.127911905,0.123008235,,,,,0.125884525
RSU,D0616,105,333,228,26.57361085,28.77477028,26.71165441,27.63636215,,,,,27.42409942,0.116550925,0.126205133,0.117156379,0.121212115,,,,,0.11,160.5163607,151.8446097,161.6656465,152.1358779,,,,,156.5406237,0.195935235,0.134570899,0.142202831,0.102161615,1,1,1,1,#NAME?,0.04794,0.04794,0.04794,0.04794,,,,,0.04794,100,0.056934255,0.058068462,0.057246,0.060126087,,,,,0.058093701,150,0.099863846,0.108091538,0.100663846,0.108445556,,,,,0.104266197,250,0.149858095,0.16879093,0.159257727,0.162027576,,,,,0.159983582,350,0.158708261,0.165398889,0.158756452,0.159177879,,,,,0.16051037
RSU,D0617,105,333,228,23.18494205,22.59176085,22.44233968,24.49468739,,,,,23.17843249,0.101688342,0.09908667,0.098431314,0.107432839,,,,,0.11,184.3897858,183.9715874,191.7090909,204.892129,,,,,191.2406483,0.256422837,0.21078632,0.203079443,0.222424256,1,1,1,1,#NAME?,0.03736,0.03736,0.03736,0.03736,,,,,0.03736,100,0.048557941,0.047948421,0.05838234,0.054482241,,,,,0.052342736,150,0.085429167,0.0825,0.093780513,0.089822632,,,,,0.087883078,250,0.133993478,0.128445517,0.131427541,0.14719,,,,,0.135264134,350,0.141902373,0.139830612,0.119445,0.152972075,,,,,0.138537515
RSU,D0620,105,333,228,21.60523829,21.28216396,20.30627741,20.89827044,,,,,21.02298752,0.094759817,0.093342824,0.08906262,0.091659081,,,,,0.11,185.0411765,204.2100712,277.6857749,224.0997537,,,,,222.7591941,0.22749658,0.165703356,0.237744441,0.179519426,1,1,1,1,#NAME?,0.0584,0.0584,0.0584,0.0584,,,,,0.0584,100,0.060476,0.060476,0.060042778,0.060109286,,,,,0.060276016,150,0.092161053,0.08844,0.087422407,0.082795667,,,,,0.087704782,250,0.118131667,0.119352708,0.105695366,0.1184124,,,,,0.115398035,350,0.123573793,0.113850455,0.121965926,0.12427963,,,,,0.120917451
RSU,D0624,105,333,228,27.69386434,29.29753413,30.89830755,30.27828349,,,,,29.54199738,0.121464317,0.128497957,0.135518893,0.132799489,,,,,0.11,168.4271211,148.4642431,131.1347756,139.9407008,,,,,146.9917102,0.259848049,0.137357199,0.114268335,0.080130273,1,1,1,1,#NAME?,0.04391,0.04391,0.04391,0.04391,,,,,0.04391,100,0.064463617,0.06776,0.071274,0.067709286,,,,,0.067801726,150,0.100588519,0.111227143,0.126035357,0.11933,,,,,0.114295255,250,0.169972727,0.171909184,0.17237,0.178196471,,,,,0.173112095,350,0.180338,0.1688318,0.184114839,0.183231633,,,,,0.179129068
RSU,D0627,105,333,228,,,,,21.21904242,25.1998406,24.87428823,,23.76439041,,,,,0.093065976,0.110525617,0.109097755,,0.11,,,,,212.4087591,181.825763,169.1059619,,187.7801613,1,1,1,1,0.254856369,0.111945985,0.188877186,1,#NAME?,,,,,0.03566,0.03566,0.03566,,0.03566,100,,,,,0.045898261,0.046630556,0.047696585,,0.046741801,150,,,,,0.0738032,0.085539565,0.092262558,,0.083868441,250,,,,,0.128478571,0.149765854,0.154851739,,0.144365388,350,,,,,0.14971,0.157000725,0.153027037,,0.153245921
RSU,D0628,105,333,228,,,,,27.50480558,25.42834156,27.01595447,,26.64970054,,,,,0.120635112,0.111527814,0.118491028,,0.11,,,,,164.106383,174.4455959,145.769919,,161.4406326,1,1,1,1,0.16100995,0.166289413,0.133793617,1,#NAME?,,,,,0.04311,0.04311,0.04311,,0.04311,100,,,,,0.063329091,0.063329091,0.063133939,,0.06326404,150,,,,,0.101422326,0.095352,0.114512727,,0.103762351,250,,,,,0.160939302,0.14011614,0.149277442,,0.150110962,350,,,,,0.1622718,0.164537308,0.163346078,,0.163385062
RSU,D0629,105,333,228,,,,,19.90891608,21.10516374,18.49826463,,19.83744815,,,,,0.087319807,0.092566508,0.08113274,,0.11,,,,,228.2524272,217.2349118,268.2338129,,237.9070506,1,1,1,1,0.511372123,0.271011847,0.533621241,1,#NAME?,,,,,0.02536,0.02536,0.02536,,0.02536,100,,,,,0.03985,0.040237,0.03484,,0.038309,150,,,,,0.07128,0.081878364,0.065272553,,0.072810306,250,,,,,0.117669355,0.118600909,0.1059448,,0.114071688,350,,,,,0.12864,0.135445926,0.131848723,,0.131978216
RSU,D0630,105,333,228,,,,,20.39321276,19.03742233,20.0746796,20.80411862,20.07735833,,,,,0.089443916,0.083497466,0.08804684,0.091246134,0.11,,,,,220.1114983,235.0638821,187.899705,199.5509554,210.6565102,1,1,1,1,0.303008024,0.25531924,0.229127764,0.223549009,#NAME?,,,,,0.03548,0.03548,0.03548,0.03548,0.03548,100,,,,,0.044876522,0.044638298,0.04424,0.04618069,0.044983877,150,,,,,0.080324889,0.078464773,0.082008182,0.088903051,0.082425224,250,,,,,0.119702326,0.112643043,0.1208,0.122078864,0.118806058,350,,,,,0.128758605,0.130446364,0.115385102,0.129209583,0.125949913
RSU,D0631,105,333,228,,,,,28.81717838,27.12892638,24.8545544,26.48080217,26.82036533,,,,,0.126391133,0.118986519,0.109011204,0.116143869,0.11,,,,,158.7495133,151.5548807,161.0935107,176.0731707,161.8677689,1,1,1,1,0.321982542,0.145018965,0.143014304,0.271937964,#NAME?,,,,,0.03951,0.03951,0.03951,0.03951,0.03951,100,,,,,0.063672353,0.065101579,0.058206774,0.061515,0.062123927,150,,,,,0.103315,0.10888,0.103744773,0.095613514,0.102888322,250,,,,,0.169227576,0.1532845,0.137379423,0.156162439,0.154013484,350,,,,,,0.155974194,0.145880196,0.164735946,0.155530112
RSU,D0640,105,333,228,,,,,24.10333073,26.45007246,29.24413835,,26.59918051,,,,,0.105716363,0.11600909,0.128263765,,0.11,,,,,179.3063457,152.4695431,142.0369493,,157.9376127,1,1,1,1,0.281406516,0.16697207,0.178375903,1,#NAME?,,,,,0.04381,0.04381,0.04381,,0.04381,100,,,,,0.055501429,0.068758,0.064872609,,0.063044012,150,,,,,0.09865,0.108054,0.115866,,0.107523333,250,,,,,0.134867692,0.151119268,0.16745,,0.151145654,350,,,,,0.1466895,0.1552175,0.163458571,,0.155121857
RSU,D0643,105,333,228,,,,,30.0480725,27.71823003,29.16108502,,28.97579585,,,,,0.131789792,0.121571184,0.127899496,,0.11,,,,,143.5463918,150.0138989,139.1642078,,144.2414995,1,1,1,1,0.242185567,0.084294212,0.103433164,1,#NAME?,,,,,0.05327,0.05327,0.05327,,0.05327,100,,,,,0.069152857,0.065056667,0.065056667,,0.066422063,150,,,,,0.11626,0.10999,0.122994615,,0.116414872,250,,,,,0.17540619,0.1639,0.160425128,,0.166577106,350,,,,,,0.153661429,0.182815,,0.168238214
RSU,D0645,105,333,228,,,,,23.89203161,24.9797752,20.21073495,,23.02751392,,,,,0.104789612,0.109560418,0.088643574,,0.11,,,,,197.4711662,180.3033954,223.1652422,,200.3132679,1,1,1,1,0.326308795,0.165244473,0.346647075,1,#NAME?,,,,,0.03158,0.03158,0.03158,,0.03158,100,,,,,0.049442222,0.049442222,0.043664,,0.047516148,150,,,,,0.088842368,0.08982814,0.073373333,,0.084014614,250,,,,,0.138162667,0.139925085,0.113247931,,0.130445227,350,,,,,0.149422558,0.149913387,0.123375,,0.140903648
RSU,D0647,105,333,228,,,,,24.55830773,22.0048293,28.47285161,,25.01199621,,,,,0.107711876,0.096512409,0.124880928,,0.11,,,,,187.3343634,207.4883721,170.6271497,,188.4832951,1,1,1,1,0.300097901,0.266996536,0.196077765,1,#NAME?,,,,,0.03064,0.03064,0.03064,,0.03064,100,,,,,0.0498292,0.040558462,0.043292258,,0.044559973,150,,,,,0.09829,0.07307,0.084868,,0.085409333,250,,,,,0.143821132,0.133904,0.178258545,,0.151994559,350,,,,,0.169488378,0.156154194,0.194075517,,0.173239363
RSU,D0650,105,333,228,,,,,21.29956193,17.21843381,17.93294111,21.57413375,19.50626765,,,,,0.093419131,0.075519447,0.07865325,0.094623394,0.11,,,,,199.263919,,276.0723589,233.7174472,236.3512417,1,1,1,1,0.210630193,1,0.385567414,0.400891706,#NAME?,,,,,0.04864,0.04864,0.04864,0.04864,0.04864,100,,,,,0.051270455,0.051348182,0.050126667,0.053308387,0.051513423,150,,,,,0.074710204,0.07746,0.068368571,0.080769091,0.075326967,250,,,,,0.124177458,0.099970323,0.103892881,0.119305,0.111836415,350,,,,,0.129015,0.097780299,0.113807273,0.128899792,0.117375591
RSU,AVG,105,333,228,23.11239293,24.15993749,23.07678491,23.48528387,24.17444597,23.62710354,24.03394924,22.95301818,23.74280074,0.101370144,0.105964638,0.101213969,0.103005631,0.106028272,0.103627647,0.105412058,0.100671132,0.11,,,,,,,,,194.0342401,0.360438826,0.174973801,0.227860166,0.178331847,0.291285798,0.263309274,0.243853543,0.298792893,#NAME?,0.041405,0.041405,0.041405,0.041405,0.038706,0.038706,0.038706,0.04121,0.0400555,100,0.052424279,0.05182114,0.053270135,0.052375375,0.053282239,0.053510006,0.05151295,0.053668026,0.052660279,150,0.089642194,0.089965815,0.090292157,0.088522278,0.090689799,0.090851684,0.092327131,0.088428552,0.090524994,250,0.132329511,0.138408142,0.13283287,0.135747017,0.141245227,0.136322912,0.139152789,0.132515434,0.13708302,350,0.136831938,0.144655787,0.136867022,0.143059227,0.14549948,0.145613132,0.14870185,0.14094844,0.144569174
RSU,STD,0,0,0,3.361498079,3.736711599,3.829880993,3.780393803,3.418621818,3.400663008,4.261082628,2.514249489,3.390106628,0.014743413,0.016389086,0.016797724,0.016580675,0.014993955,0.014915189,0.018688959,0.01102741,0.11,,,,,,,,,35.88620631,0.222790613,0.059134827,0.127111268,0.074249249,0.088393786,0.253004,0.129005181,0.074848729,#NAME?,0.008470226,0.008470226,0.008470226,0.008470226,0.008188578,0.008188578,0.008188578,0.005505385,0.008439189,100,0.00836791,0.009789207,0.009948541,0.00958381,0.008955533,0.010429647,0.010091198,0.006265369,0.009346438,150,0.011030115,0.015873757,0.015823568,0.018060282,0.014414004,0.013289905,0.019860687,0.006069491,0.014328214,250,0.020337914,0.021442891,0.022404342,0.023585348,0.01966943,0.019176464,0.0254726,0.01675926,0.019779994,350,0.024966977,0.020615274,0.022440339,0.02078743,0.014695025,0.018716734,0.02633339,0.016820782,0.019707595
RSU,BootAvg,,,,,,,,,,,,23.75146001,,,,,,,,,,,,,,,,,,193.8706366,,,,,,,,,#NAME?,,,,,,,,,0.039989,100,,,,,,,,,0.052639651,150,,,,,,,,,0.090481489,250,,,,,,,,,0.137030477,350,,,,,,,,,0.144546266
RSU,BootLower,,,,,,,,,,,,22.27643433,,,,,,,,,,,,,,,,,,178.7801729,,,,,,,,,#NAME?,,,,,,,,0.003436575,0.036552425,100,,,,,,,,0.00400424,0.048635411,150,,,,,,,,0.006229049,0.08425244,250,,,,,,,,0.008633704,0.128396773,350,,,,,,,,0.0085512,0.135995066
RSU,BootUpper,,,,,,,,,,,,25.21484281,,,,,,,,,,,,,,,,,,209.8796352,,,,,,,,,#NAME?,,,,,,,,0.00393005,0.04391905,100,,,,,,,,0.004158332,0.056797983,150,,,,,,,,0.006483086,0.096964575,250,,,,,,,,0.008769038,0.145799514,350,,,,,,,,0.008841019,0.153387285
,,,,,,,,,,,,,,,,,,,,,,,,,,,,,,,,,,,,,,,,,,,,,,,,,,,,,,,,,,,,,,,,,,,,,,,,,,,,,,,,,,,,,,,,,
litepyramid,D0601,105,333,228,-228,-228,-228,-228,,,,,-228,-1,-1,-1,-1,,,,,0.5,,,,,,,,,nan,1,1,1,1,1,1,1,1,#NAME?,-1,-1,-1,-1,,,,,-1,100,-1,-1,-1,-1,,,,,-1,150,-1,-1,-1,-1,,,,,-1,250,-1,-1,-1,-1,,,,,-1,350,-1,-1,-1,-1,,,,,-1
litepyramid,D0603,105,333,228,-228,-228,-228,-228,,,,,-228,-1,-1,-1,-1,,,,,0.5,,,,,,,,,nan,1,1,1,1,1,1,1,1,#NAME?,-1,-1,-1,-1,,,,,-1,100,-1,-1,-1,-1,,,,,-1,150,-1,-1,-1,-1,,,,,-1,250,-1,-1,-1,-1,,,,,-1,350,,-1,-1,-1,,,,,-1
litepyramid,D0605,105,333,228,-228,-228,-228,-228,,,,,-228,-1,-1,-1,-1,,,,,0.5,,,,,,,,,nan,1,1,1,1,1,1,1,1,#NAME?,-1,-1,-1,-1,,,,,-1,100,-1,-1,-1,-1,,,,,-1,150,-1,-1,-1,-1,,,,,-1,250,-1,-1,-1,-1,,,,,-1,350,-1,-1,-1,-1,,,,,-1
litepyramid,D0608,105,333,228,-228,-228,-228,-228,,,,,-228,-1,-1,-1,-1,,,,,0.5,,,,,,,,,nan,1,1,1,1,1,1,1,1,#NAME?,-1,-1,-1,-1,,,,,-1,100,-1,-1,-1,-1,,,,,-1,150,-1,-1,-1,-1,,,,,-1,250,-1,-1,-1,-1,,,,,-1,350,-1,-1,-1,-1,,,,,-1
litepyramid,D0614,105,333,228,-228,-228,-228,-228,,,,,-228,-1,-1,-1,-1,,,,,0.5,,,,,,,,,nan,1,1,1,1,1,1,1,1,#NAME?,-1,-1,-1,-1,,,,,-1,100,-1,-1,-1,-1,,,,,-1,150,-1,-1,-1,-1,,,,,-1,250,-1,-1,-1,-1,,,,,-1,350,-1,-1,-1,-1,,,,,-1
litepyramid,D0615,105,333,228,-228,-228,-228,-228,,,,,-228,-1,-1,-1,-1,,,,,0.5,,,,,,,,,nan,1,1,1,1,1,1,1,1,#NAME?,-1,-1,-1,-1,,,,,-1,100,-1,-1,-1,-1,,,,,-1,150,-1,-1,-1,-1,,,,,-1,250,-1,-1,-1,-1,,,,,-1,350,-1,-1,-1,-1,,,,,-1
litepyramid,D0616,105,333,228,-228,-228,-228,-228,,,,,-228,-1,-1,-1,-1,,,,,0.5,,,,,,,,,nan,1,1,1,1,1,1,1,1,#NAME?,-1,-1,-1,-1,,,,,-1,100,-1,-1,-1,-1,,,,,-1,150,-1,-1,-1,-1,,,,,-1,250,-1,-1,-1,-1,,,,,-1,350,-1,-1,-1,-1,,,,,-1
litepyramid,D0617,105,333,228,-228,-228,-228,-228,,,,,-228,-1,-1,-1,-1,,,,,0.5,,,,,,,,,nan,1,1,1,1,1,1,1,1,#NAME?,-1,-1,-1,-1,,,,,-1,100,-1,-1,-1,-1,,,,,-1,150,-1,-1,-1,-1,,,,,-1,250,-1,-1,-1,-1,,,,,-1,350,-1,-1,-1,-1,,,,,-1
litepyramid,D0620,105,333,228,-228,-228,-228,-228,,,,,-228,-1,-1,-1,-1,,,,,0.5,,,,,,,,,nan,1,1,1,1,1,1,1,1,#NAME?,-1,-1,-1,-1,,,,,-1,100,-1,-1,-1,-1,,,,,-1,150,-1,-1,-1,-1,,,,,-1,250,-1,-1,-1,-1,,,,,-1,350,-1,-1,-1,-1,,,,,-1
litepyramid,D0624,105,333,228,-228,-228,-228,-228,,,,,-228,-1,-1,-1,-1,,,,,0.5,,,,,,,,,nan,1,1,1,1,1,1,1,1,#NAME?,-1,-1,-1,-1,,,,,-1,100,-1,-1,-1,-1,,,,,-1,150,-1,-1,-1,-1,,,,,-1,250,-1,-1,-1,-1,,,,,-1,350,-1,-1,-1,-1,,,,,-1
litepyramid,D0627,105,333,228,,,,,-228,-228,-228,,-228,,,,,-1,-1,-1,,0.5,,,,,,,,,nan,1,1,1,1,1,1,1,1,#NAME?,,,,,-1,-1,-1,,-1,100,,,,,-1,-1,-1,,-1,150,,,,,-1,-1,-1,,-1,250,,,,,-1,-1,-1,,-1,350,,,,,-1,-1,-1,,-1
litepyramid,D0628,105,333,228,,,,,-228,-228,-228,,-228,,,,,-1,-1,-1,,0.5,,,,,,,,,nan,1,1,1,1,1,1,1,1,#NAME?,,,,,-1,-1,-1,,-1,100,,,,,-1,-1,-1,,-1,150,,,,,-1,-1,-1,,-1,250,,,,,-1,-1,-1,,-1,350,,,,,-1,-1,-1,,-1
litepyramid,D0629,105,333,228,,,,,-228,-228,-228,,-228,,,,,-1,-1,-1,,0.5,,,,,,,,,nan,1,1,1,1,1,1,1,1,#NAME?,,,,,-1,-1,-1,,-1,100,,,,,-1,-1,-1,,-1,150,,,,,-1,-1,-1,,-1,250,,,,,-1,-1,-1,,-1,350,,,,,-1,-1,-1,,-1
litepyramid,D0630,105,333,228,,,,,-228,-228,-228,-228,-228,,,,,-1,-1,-1,-1,0.5,,,,,,,,,nan,1,1,1,1,1,1,1,1,#NAME?,,,,,-1,-1,-1,-1,-1,100,,,,,-1,-1,-1,-1,-1,150,,,,,-1,-1,-1,-1,-1,250,,,,,-1,-1,-1,-1,-1,350,,,,,-1,-1,-1,-1,-1
litepyramid,D0631,105,333,228,,,,,-228,-228,-228,-228,-228,,,,,-1,-1,-1,-1,0.5,,,,,,,,,nan,1,1,1,1,1,1,1,1,#NAME?,,,,,-1,-1,-1,-1,-1,100,,,,,-1,-1,-1,-1,-1,150,,,,,-1,-1,-1,-1,-1,250,,,,,-1,-1,-1,-1,-1,350,,,,,,-1,-1,-1,-1
litepyramid,D0640,105,333,228,,,,,-228,-228,-228,,-228,,,,,-1,-1,-1,,0.5,,,,,,,,,nan,1,1,1,1,1,1,1,1,#NAME?,,,,,-1,-1,-1,,-1,100,,,,,-1,-1,-1,,-1,150,,,,,-1,-1,-1,,-1,250,,,,,-1,-1,-1,,-1,350,,,,,-1,-1,-1,,-1
litepyramid,D0643,105,333,228,,,,,-228,-228,-228,,-228,,,,,-1,-1,-1,,0.5,,,,,,,,,nan,1,1,1,1,1,1,1,1,#NAME?,,,,,-1,-1,-1,,-1,100,,,,,-1,-1,-1,,-1,150,,,,,-1,-1,-1,,-1,250,,,,,-1,-1,-1,,-1,350,,,,,,-1,-1,,-1
litepyramid,D0645,105,333,228,,,,,-228,-228,-228,,-228,,,,,-1,-1,-1,,0.5,,,,,,,,,nan,1,1,1,1,1,1,1,1,#NAME?,,,,,-1,-1,-1,,-1,100,,,,,-1,-1,-1,,-1,150,,,,,-1,-1,-1,,-1,250,,,,,-1,-1,-1,,-1,350,,,,,-1,-1,-1,,-1
litepyramid,D0647,105,333,228,,,,,-228,-228,-228,,-228,,,,,-1,-1,-1,,0.5,,,,,,,,,nan,1,1,1,1,1,1,1,1,#NAME?,,,,,-1,-1,-1,,-1,100,,,,,-1,-1,-1,,-1,150,,,,,-1,-1,-1,,-1,250,,,,,-1,-1,-1,,-1,350,,,,,-1,-1,-1,,-1
litepyramid,D0650,105,333,228,,,,,-228,-228,-228,-228,-228,,,,,-1,-1,-1,-1,0.5,,,,,,,,,nan,1,1,1,1,1,1,1,1,#NAME?,,,,,-1,-1,-1,-1,-1,100,,,,,-1,-1,-1,-1,-1,150,,,,,-1,-1,-1,-1,-1,250,,,,,-1,-1,-1,-1,-1,350,,,,,-1,-1,-1,-1,-1
litepyramid,AVG,105,333,228,-228,-228,-228,-228,-228,-228,-228,-228,-228,-1,-1,-1,-1,-1,-1,-1,-1,0.5,,,,,,,,,nan,1,1,1,1,1,1,1,1,#NAME?,-1,-1,-1,-1,-1,-1,-1,-1,-1,100,-1,-1,-1,-1,-1,-1,-1,-1,-1,150,-1,-1,-1,-1,-1,-1,-1,-1,-1,250,-1,-1,-1,-1,-1,-1,-1,-1,-1,350,-1,-1,-1,-1,-1,-1,-1,-1,-1
litepyramid,STD,0,0,0,0,0,0,0,0,0,0,0,0,0,0,0,0,0,0,0,0,0.5,,,,,,,,,nan,0,0,0,0,0,0,0,0,#NAME?,0,0,0,0,0,0,0,0,0,100,0,0,0,0,0,0,0,0,0,150,0,0,0,0,0,0,0,0,0,250,0,0,0,0,0,0,0,0,0,350,0,0,0,0,0,0,0,0,0
litepyramid,BootAvg,,,,,,,,,,,,-228,,,,,,,,,,,,,,,,,,nan,,,,,,,,,#NAME?,,,,,,,,,-1,100,,,,,,,,,-1,150,,,,,,,,,-1,250,,,,,,,,,-1,350,,,,,,,,,-1
litepyramid,BootLower,,,,,,,,,,,,-228,,,,,,,,,,,,,,,,,,nan,,,,,,,,,#NAME?,,,,,,,,,-1,100,,,,,,,,,-1,150,,,,,,,,,-1,250,,,,,,,,,-1,350,,,,,,,,,-1
litepyramid,BootUpper,,,,,,,,,,,,-228,,,,,,,,,,,,,,,,,,nan,,,,,,,,,#NAME?,,,,,,,,,-1,100,,,,,,,,,-1,150,,,,,,,,,-1,250,,,,,,,,,-1,350,,,,,,,,,-1
,,,,,,,,,,,,,,,,,,,,,,,,,,,,,,,,,,,,,,,,,,,,,,,,,,,,,,,,,,,,,,,,,,,,,,,,,,,,,,,,,,,,,,,,,
,,,,,,,,,,,,,,,,,,,,,,,,,,,,,,,,,,,,,,,,,,,,,,,,,,,,,,,,,,,,,,,,,,,,,,,,,,,,,,,,,,,,,,,,,
metric,topic,num_ratings_per_session_avg,num_ratings_per_session_std,num_ratings_RealSessions_A1171IQSWQS0K8,num_ratings_RealSessions_A3K2VSBTT3WUTI,num_ratings_RealSessions_A17TKHT8FEVH0R,num_ratings_RealSessions_A1ZB2NY0F9QNP0,num_ratings_RealSessions_AJQGWGESKQT4Y,num_ratings_RealSessions_A3GWRDHAURRNK6,num_ratings_RealSessions_A1A1ZXUVSV4YR8,num_ratings_RealSessions_AVBRJBJONL47I,initial_rating_avg,initial_rating_std,initial_rating_RealSessions_A1171IQSWQS0K8,initial_rating_RealSessions_A3K2VSBTT3WUTI,initial_rating_RealSessions_A17TKHT8FEVH0R,initial_rating_RealSessions_A1ZB2NY0F9QNP0,initial_rating_RealSessions_AJQGWGESKQT4Y,initial_rating_RealSessions_A3GWRDHAURRNK6,initial_rating_RealSessions_A1A1ZXUVSV4YR8,initial_rating_RealSessions_AVBRJBJONL47I,response_rating_avg,response_rating_std,response_rating_avg_RealSessions_A1171IQSWQS0K8,response_rating_avg_RealSessions_A3K2VSBTT3WUTI,response_rating_avg_RealSessions_A17TKHT8FEVH0R,response_rating_avg_RealSessions_A1ZB2NY0F9QNP0,response_rating_avg_RealSessions_AJQGWGESKQT4Y,response_rating_avg_RealSessions_A3GWRDHAURRNK6,response_rating_avg_RealSessions_A1A1ZXUVSV4YR8,response_rating_avg_RealSessions_AVBRJBJONL47I,response_rating_std_RealSessions_A1171IQSWQS0K8,response_rating_std_RealSessions_A3K2VSBTT3WUTI,response_rating_std_RealSessions_A17TKHT8FEVH0R,response_rating_std_RealSessions_A1ZB2NY0F9QNP0,response_rating_std_RealSessions_AJQGWGESKQT4Y,response_rating_std_RealSessions_A3GWRDHAURRNK6,response_rating_std_RealSessions_A1A1ZXUVSV4YR8,response_rating_std_RealSessions_AVBRJBJONL47I,total_rating_avg,total_rating_std,total_rating_avg_RealSessions_A1171IQSWQS0K8,total_rating_avg_RealSessions_A3K2VSBTT3WUTI,total_rating_avg_RealSessions_A17TKHT8FEVH0R,total_rating_avg_RealSessions_A1ZB2NY0F9QNP0,total_rating_avg_RealSessions_AJQGWGESKQT4Y,total_rating_avg_RealSessions_A3GWRDHAURRNK6,total_rating_avg_RealSessions_A1A1ZXUVSV4YR8,total_rating_avg_RealSessions_AVBRJBJONL47I,total_rating_std_RealSessions_A1171IQSWQS0K8,total_rating_std_RealSessions_A3K2VSBTT3WUTI,total_rating_std_RealSessions_A17TKHT8FEVH0R,total_rating_std_RealSessions_A1ZB2NY0F9QNP0,total_rating_std_RealSessions_AJQGWGESKQT4Y,total_rating_std_RealSessions_A3GWRDHAURRNK6,total_rating_std_RealSessions_A1A1ZXUVSV4YR8,total_rating_std_RealSessions_AVBRJBJONL47I,,,,,,,,,,,,,,,,,,,,,,,,,,,,,,,,
rating,D0601,16,4.301162634,9,20,16,19,,,,,0.75,0.16583124,0.6,0.8,1,0.6,,,,,0.653333333,0.247296493,0.6,0.631578947,0.773333333,0.6,,,,,0.244948974,0.227231928,0.240739601,0.240370085,,,,,0.659375,0.244130312,0.6,0.64,0.7875,0.6,,,,,0.230940108,0.224499443,0.239465551,0.233959061,,,,,,,,,,,,,,,,,,,,,,,,,,,,,,,,,,,,
rating,D0603,13,4.847679857,6,17,11,18,,,,,0.6,0.2,0.8,0.4,0.4,0.8,,,,,0.666666667,0.239211668,0.68,0.7,0.72,0.6,,,,,0.203960781,0.234520788,0.256124969,0.227518584,,,,,0.661538462,0.237092846,0.7,0.682352941,0.690909091,0.611111111,,,,,0.191485422,0.238217138,0.260958184,0.22580446,,,,,,,,,,,,,,,,,,,,,,,,,,,,,,,,,,,,
rating,D0605,13,1.870828693,11,16,12,13,,,,,0.65,0.08660254,0.6,0.6,0.8,0.6,,,,,0.566666667,0.256038192,0.38,0.586666667,0.763636364,0.516666667,,,,,0.227156334,0.199555061,0.23845231,0.222984803,,,,,0.573076923,0.248158901,0.4,0.5875,0.766666667,0.523076923,,,,,0.22563043,0.19324531,0.22852182,0.215384615,,,,,,,,,,,,,,,,,,,,,,,,,,,,,,,,,,,,
rating,D0608,14.75,2.861380786,10,17,15,17,,,,,0.85,0.16583124,0.6,0.8,1,1,,,,,0.636363636,0.244476165,0.6,0.65,0.728571429,0.5625,,,,,0.230940108,0.15,0.278846019,0.266634113,,,,,0.650847458,0.245897099,0.6,0.658823529,0.746666667,0.588235294,,,,,0.219089023,0.14974026,0.277768889,0.278403754,,,,,,,,,,,,,,,,,,,,,,,,,,,,,,,,,,,,
rating,D0614,14,3.535533906,8,16,17,15,,,,,0.85,0.08660254,0.8,0.8,1,0.8,,,,,0.596153846,0.278706862,0.4,0.68,0.6875,0.5,,,,,0.261861468,0.190438091,0.291279505,0.269920623,,,,,0.614285714,0.277378398,0.45,0.6875,0.705882353,0.52,,,,,0.278388218,0.186664807,0.291992321,0.271293199,,,,,,,,,,,,,,,,,,,,,,,,,,,,,,,,,,,,
rating,D0615,15.5,3.840572874,10,14,18,20,,,,,0.6,0.282842712,0.6,0.6,1,0.2,,,,,0.613793103,0.245966269,0.666666667,0.661538462,0.729411765,0.452631579,,,,,0.163299316,0.164262742,0.282352941,0.203569259,,,,,0.612903226,0.248533681,0.66,0.657142857,0.744444444,0.44,,,,,0.156204994,0.159078982,0.281310864,0.205912603,,,,,,,,,,,,,,,,,,,,,,,,,,,,,,,,,,,,
rating,D0616,12.25,2.165063509,9,12,13,15,,,,,0.95,0.08660254,0.8,1,1,1,,,,,0.64,0.240739601,0.4,0.781818182,0.766666667,0.557142857,,,,,0.223606798,0.102851895,0.213437475,0.202534955,,,,,0.665306122,0.24706524,0.444444444,0.8,0.784615385,0.586666667,,,,,0.245452467,0.115470054,0.214282897,0.224697327,,,,,,,,,,,,,,,,,,,,,,,,,,,,,,,,,,,,
rating,D0617,13,1.870828693,10,13,15,14,,,,,0.8,0.244948974,0.8,0.4,1,1,,,,,0.7,0.244948974,0.688888889,0.666666667,0.828571429,0.6,,,,,0.268512133,0.221108319,0.182946407,0.248069469,,,,,0.707692308,0.246394114,0.7,0.646153846,0.84,0.628571429,,,,,0.256904652,0.224003381,0.181842423,0.260298102,,,,,,,,,,,,,,,,,,,,,,,,,,,,,,,,,,,,
rating,D0620,15.5,3.278719262,10,16,18,18,,,,,0.8,0.141421356,0.8,0.8,1,0.6,,,,,0.620689655,0.256473848,0.711111111,0.573333333,0.705882353,0.529411765,,,,,0.136986978,0.240739601,0.291992321,0.237052255,,,,,0.632258065,0.254491393,0.72,0.5875,0.722222222,0.533333333,,,,,0.132664992,0.239465551,0.291653439,0.230940108,,,,,,,,,,,,,,,,,,,,,,,,,,,,,,,,,,,,
rating,D0624,13,3.741657387,9,13,11,19,,,,,0.8,0.141421356,0.8,0.8,1,0.6,,,,,0.6375,0.247171499,0.625,0.7,0.7,0.566666667,,,,,0.210653744,0.191485422,0.3,0.24267033,,,,,0.65,0.244556113,0.644444444,0.707692308,0.727272727,0.568421053,,,,,0.206080411,0.185893015,0.298757759,0.236315203,,,,,,,,,,,,,,,,,,,,,,,,,,,,,,,,,,,,
rating,D0627,15.33333333,4.027681991,,,,,13,21,12,,0.733333333,0.094280904,,,,,0.8,0.8,0.6,,0.63255814,0.269125138,,,,,0.833333333,0.52,0.618181818,,,,,,0.159861051,0.263818119,0.24796694,,0.639130435,0.262494936,,,,,0.830769231,0.533333333,0.616666667,,,,,,0.153846154,0.264274989,0.237463447,,,,,,,,,,,,,,,,,,,,,,,,,,,,,,,,,
rating,D0628,14,0,,,,,14,14,14,,0.933333333,0.094280904,,,,,1,1,0.8,,0.569230769,0.312273587,,,,,0.707692308,0.292307692,0.707692308,,,,,,0.319763226,0.099703703,0.255588427,,0.595238095,0.31619191,,,,,0.728571429,0.342857143,0.714285714,,,,,,0.317194333,0.206031501,0.24743583,,,,,,,,,,,,,,,,,,,,,,,,,,,,,,,,,
rating,D0629,11.66666667,0.942809042,,,,,11,13,11,,0.666666667,0.094280904,,,,,0.8,0.6,0.6,,0.575,0.2384848,,,,,0.82,0.433333333,0.5,,,,,,0.14,0.22852182,0.1,,0.582857143,0.231128553,,,,,0.818181818,0.446153846,0.509090909,,,,,,0.133608531,0.224003381,0.09958592,,,,,,,,,,,,,,,,,,,,,,,,,,,,,,,,,
rating,D0630,11.25,1.299038106,,,,,10,13,10,12,0.75,0.16583124,,,,,1,0.6,0.8,0.6,0.668292683,0.252247482,,,,,0.888888889,0.633333333,0.533333333,0.636363636,,,,,0.099380799,0.314466038,0.188561808,0.187193275,0.675555556,0.24689679,,,,,0.9,0.630769231,0.56,0.633333333,,,,,0.1,0.302259734,0.195959179,0.179505494,,,,,,,,,,,,,,,,,,,,,,,,,,,,,,,,
rating,D0631,11.25,3.031088913,,,,,7,13,15,10,0.85,0.08660254,,,,,1,0.8,0.8,0.8,0.663414634,0.266646836,,,,,0.933333333,0.533333333,0.657142857,0.666666667,,,,,0.094280904,0.286744176,0.232115383,0.230940108,0.68,0.261278906,,,,,0.942857143,0.553846154,0.666666667,0.68,,,,,0.09035079,0.284511416,0.227058485,0.222710575,,,,,,,,,,,,,,,,,,,,,,,,,,,,,,,,
rating,D0640,12.33333333,0.942809042,,,,,11,13,13,,0.933333333,0.094280904,,,,,1,1,0.8,,0.705882353,0.28381972,,,,,0.98,0.5,0.683333333,,,,,,0.06,0.3,0.172401341,,0.724324324,0.280352486,,,,,0.981818182,0.538461538,0.692307692,,,,,,0.057495957,0.317534884,0.168530018,,,,,,,,,,,,,,,,,,,,,,,,,,,,,,,,,
rating,D0643,12.33333333,4.109609335,,,,,7,17,13,,1,0,,,,,1,1,1,,0.629411765,0.291577264,,,,,0.933333333,0.525,0.616666667,,,,,,0.094280904,0.315238005,0.207498327,,0.659459459,0.297248153,,,,,0.942857143,0.552941176,0.646153846,,,,,,0.09035079,0.325608294,0.224003381,,,,,,,,,,,,,,,,,,,,,,,,,,,,,,,,,
rating,D0645,12,1.632993162,,,,,10,14,12,,0.666666667,0.249443826,,,,,1,0.6,0.4,,0.654545455,0.27090299,,,,,0.911111111,0.507692308,0.618181818,,,,,,0.099380799,0.289459811,0.179990817,,0.655555556,0.269200921,,,,,0.92,0.514285714,0.6,,,,,,0.09797959,0.279941685,0.182574186,,,,,,,,,,,,,,,,,,,,,,,,,,,,,,,,,
rating,D0647,11.66666667,1.247219129,,,,,10,12,13,,0.8,0.163299316,,,,,1,0.8,0.6,,0.6875,0.282566364,,,,,0.911111111,0.636363636,0.566666667,,,,,,0.251415744,0.267217063,0.213437475,,0.697142857,0.276183908,,,,,0.92,0.65,0.569230769,,,,,,0.24,0.259807621,0.20525637,,,,,,,,,,,,,,,,,,,,,,,,,,,,,,,,,
rating,D0650,11.75,1.299038106,,,,,13,11,13,10,0.65,0.16583124,,,,,0.8,0.4,0.6,0.8,0.572093023,0.271366552,,,,,0.75,0.46,0.466666667,0.6,,,,,0.232737334,0.283548938,0.249443826,0.188561808,0.578723404,0.264925658,,,,,0.753846154,0.454545455,0.476923077,0.62,,,,,0.224003381,0.27090299,0.242277165,0.188679623,,,,,,,,,,,,,,,,,,,,,,,,,,,,,,,,
rating,AVG,13.21917808,3.290694957,9.2,15.4,14.6,16.8,10.6,14.1,12.6,10.66666667,0.778082192,0.194616993,0.72,0.7,0.92,0.72,0.94,0.76,0.7,0.733333333,0.633408072,0.263820753,0.573170732,0.658333333,0.739705882,0.548101266,0.852083333,0.503816794,0.601724138,0.634482759,0.253294767,0.206659946,0.26493046,0.241493643,0.206649445,0.286437604,0.225137031,0.203886145,0.644352332,0.262040064,0.589130435,0.661038961,0.752054795,0.558333333,0.860377358,0.521985816,0.60952381,0.64375,0.245594453,0.205543843,0.26411371,0.24480718,0.200320142,0.288574928,0.222335572,0.198332896,,,,,,,,,,,,,,,,,,,,,,,,,,,,,,,,
,,,,,,,,,,,,,,,,,,,,,,,,,,,,,,,,,,,,,,,,,,,,,,,,,,,,,,,,,,,,,,,,,,,,,,,,,,,,,,,,,,,,,,,,,
metric,topic,numSessionsWithRating,r1_rating_avg,r1_rating_std,r1_rating_RealSessions_A1171IQSWQS0K8,r1_rating_RealSessions_A3K2VSBTT3WUTI,r1_rating_RealSessions_A17TKHT8FEVH0R,r1_rating_RealSessions_A1ZB2NY0F9QNP0,r1_rating_RealSessions_AJQGWGESKQT4Y,r1_rating_RealSessions_A3GWRDHAURRNK6,r1_rating_RealSessions_A1A1ZXUVSV4YR8,r1_rating_RealSessions_AVBRJBJONL47I,r2_rating_avg,r2_rating_std,r2_rating_RealSessions_A1171IQSWQS0K8,r2_rating_RealSessions_A3K2VSBTT3WUTI,r2_rating_RealSessions_A17TKHT8FEVH0R,r2_rating_RealSessions_A1ZB2NY0F9QNP0,r2_rating_RealSessions_AJQGWGESKQT4Y,r2_rating_RealSessions_A3GWRDHAURRNK6,r2_rating_RealSessions_A1A1ZXUVSV4YR8,r2_rating_RealSessions_AVBRJBJONL47I,umuxLiteScore_avg,umuxLiteScore_std,umuxLiteScore_RealSessions_A1171IQSWQS0K8,umuxLiteScore_RealSessions_A3K2VSBTT3WUTI,umuxLiteScore_RealSessions_A17TKHT8FEVH0R,umuxLiteScore_RealSessions_A1ZB2NY0F9QNP0,umuxLiteScore_RealSessions_AJQGWGESKQT4Y,umuxLiteScore_RealSessions_A3GWRDHAURRNK6,umuxLiteScore_RealSessions_A1A1ZXUVSV4YR8,umuxLiteScore_RealSessions_AVBRJBJONL47I,r3_rating_avg,r3_rating_std,r3_rating_RealSessions_A1171IQSWQS0K8,r3_rating_RealSessions_A3K2VSBTT3WUTI,r3_rating_RealSessions_A17TKHT8FEVH0R,r3_rating_RealSessions_A1ZB2NY0F9QNP0,r3_rating_RealSessions_AJQGWGESKQT4Y,r3_rating_RealSessions_A3GWRDHAURRNK6,r3_rating_RealSessions_A1A1ZXUVSV4YR8,r3_rating_RealSessions_AVBRJBJONL47I,,,,,,,,,,,,,,,,,,,,,,,,,,,,,,,,,,,,,,,,,,,,,,,
rating,D0601,4,4.5,0.5,4,5,5,4,,,,,4.75,0.433012702,4,5,5,5,,,,,81.80625,6.736894105,71.65,87.9,87.9,79.775,,,,,4,0.707106781,3,5,4,4,,,,,,,,,,,,,,,,,,,,,,,,,,,,,,,,,,,,,,,,,,,,,,,,,,,
rating,D0603,4,4.5,0.5,4,5,5,4,,,,,5,0,5,5,5,5,,,,,83.8375,4.0625,79.775,87.9,87.9,79.775,,,,,4,1,3,5,3,5,,,,,,,,,,,,,,,,,,,,,,,,,,,,,,,,,,,,,,,,,,,,,,,,,,,
rating,D0605,4,3.5,0.866025404,3,5,3,3,,,,,4.5,0.5,4,5,5,4,,,,,71.65,9.95105208,63.525,87.9,71.65,63.525,,,,,3.25,1.299038106,2,5,2,4,,,,,,,,,,,,,,,,,,,,,,,,,,,,,,,,,,,,,,,,,,,,,,,,,,,
rating,D0608,4,3.25,0.433012702,3,4,3,3,,,,,4.5,0.5,4,5,5,4,,,,,69.61875,6.736894105,63.525,79.775,71.65,63.525,,,,,3.25,0.829156198,3,4,2,4,,,,,,,,,,,,,,,,,,,,,,,,,,,,,,,,,,,,,,,,,,,,,,,,,,,
rating,D0614,4,3.5,0.866025404,3,5,3,3,,,,,4.25,0.829156198,4,5,5,3,,,,,69.61875,12.01703706,63.525,87.9,71.65,55.4,,,,,3,1.224744871,2,5,2,3,,,,,,,,,,,,,,,,,,,,,,,,,,,,,,,,,,,,,,,,,,,,,,,,,,,
rating,D0615,4,2.75,1.299038106,4,2,4,1,,,,,4.5,0.866025404,5,5,5,3,,,,,65.55625,16.62649782,79.775,63.525,79.775,39.15,,,,,2.5,0.5,3,2,2,3,,,,,,,,,,,,,,,,,,,,,,,,,,,,,,,,,,,,,,,,,,,,,,,,,,,
rating,D0616,4,4,1,3,5,5,3,,,,,4.25,0.829156198,4,5,5,3,,,,,73.68125,14.5060265,63.525,87.9,87.9,55.4,,,,,3.75,1.299038106,2,5,5,3,,,,,,,,,,,,,,,,,,,,,,,,,,,,,,,,,,,,,,,,,,,,,,,,,,,
rating,D0617,4,4.5,0.5,4,5,4,5,,,,,4.75,0.433012702,4,5,5,5,,,,,81.80625,6.736894105,71.65,87.9,79.775,87.9,,,,,4,0.707106781,4,3,4,5,,,,,,,,,,,,,,,,,,,,,,,,,,,,,,,,,,,,,,,,,,,,,,,,,,,
rating,D0620,4,3.25,0.829156198,4,4,2,3,,,,,4.75,0.433012702,5,5,5,4,,,,,71.65,8.125,79.775,79.775,63.525,63.525,,,,,3.75,1.089724736,4,5,2,4,,,,,,,,,,,,,,,,,,,,,,,,,,,,,,,,,,,,,,,,,,,,,,,,,,,
rating,D0624,4,4.25,0.829156198,4,5,5,3,,,,,4.25,0.829156198,4,5,5,3,,,,,75.7125,13.47378821,71.65,87.9,87.9,55.4,,,,,4,0.707106781,3,5,4,4,,,,,,,,,,,,,,,,,,,,,,,,,,,,,,,,,,,,,,,,,,,,,,,,,,,
rating,D0627,3,4.333333333,0.471404521,,,,,5,4,4,,4.666666667,0.471404521,,,,,5,5,4,,79.775,6.63403472,,,,,87.9,79.775,71.65,,3.666666667,0.942809042,,,,,5,3,3,,,,,,,,,,,,,,,,,,,,,,,,,,,,,,,,,,,,,,,,,,,,,,,,
rating,D0628,3,3.666666667,0.942809042,,,,,5,3,3,,4.666666667,0.471404521,,,,,5,5,4,,74.35833333,10.13365542,,,,,87.9,71.65,63.525,,3.333333333,0.471404521,,,,,4,3,3,,,,,,,,,,,,,,,,,,,,,,,,,,,,,,,,,,,,,,,,,,,,,,,,
rating,D0629,3,3,1.414213562,,,,,5,2,2,,4.333333333,0.942809042,,,,,5,5,3,,66.23333333,16.69528792,,,,,87.9,63.525,47.275,,3,0.816496581,,,,,4,2,3,,,,,,,,,,,,,,,,,,,,,,,,,,,,,,,,,,,,,,,,,,,,,,,,
rating,D0630,4,4,0.707106781,,,,,5,4,3,4,4.5,0.866025404,,,,,5,5,3,5,75.7125,12.1875,,,,,87.9,79.775,55.4,79.775,3.5,0.866025404,,,,,4,4,2,4,,,,,,,,,,,,,,,,,,,,,,,,,,,,,,,,,,,,,,,,,,,,,,,
rating,D0631,4,4,0.707106781,,,,,5,3,4,4,4.5,0.5,,,,,5,5,4,4,75.7125,7.036456406,,,,,87.9,71.65,71.65,71.65,3.75,1.089724736,,,,,5,2,4,4,,,,,,,,,,,,,,,,,,,,,,,,,,,,,,,,,,,,,,,,,,,,,,,
rating,D0640,3,4,0.816496581,,,,,5,4,3,,4.666666667,0.471404521,,,,,5,5,4,,77.06666667,10.13365542,,,,,87.9,79.775,63.525,,4.333333333,0.471404521,,,,,5,4,4,,,,,,,,,,,,,,,,,,,,,,,,,,,,,,,,,,,,,,,,,,,,,,,,
rating,D0643,3,4.333333333,0.471404521,,,,,5,4,4,,4.666666667,0.471404521,,,,,5,5,4,,79.775,6.63403472,,,,,87.9,79.775,71.65,,4.333333333,0.471404521,,,,,5,4,4,,,,,,,,,,,,,,,,,,,,,,,,,,,,,,,,,,,,,,,,,,,,,,,,
rating,D0645,3,3.333333333,1.247219129,,,,,5,3,2,,4.333333333,0.942809042,,,,,5,5,3,,68.94166667,16.69528792,,,,,87.9,71.65,47.275,,3.666666667,0.942809042,,,,,5,3,3,,,,,,,,,,,,,,,,,,,,,,,,,,,,,,,,,,,,,,,,,,,,,,,,
rating,D0647,3,3.666666667,1.247219129,,,,,5,4,2,,4,0.816496581,,,,,4,5,3,,68.94166667,15.32064693,,,,,79.775,79.775,47.275,,4,0.816496581,,,,,4,5,3,,,,,,,,,,,,,,,,,,,,,,,,,,,,,,,,,,,,,,,,,,,,,,,,
rating,D0650,4,3.75,0.829156198,,,,,5,4,3,3,4.25,0.829156198,,,,,5,5,3,4,71.65,12.84675299,,,,,87.9,79.775,55.4,63.525,3.5,0.866025404,,,,,4,4,2,4,,,,,,,,,,,,,,,,,,,,,,,,,,,,,,,,,,,,,,,,,,,,,,,
rating,AVG,4,3.808219178,1.00215568,3.6,4.5,3.9,3.2,5,3.5,3,3.666666667,4.506849315,0.704647734,4.3,5,5,3.9,4.9,5,3.5,4.333333333,74.20993151,12.3899973,70.8375,83.8375,78.9625,64.3375,87.0875,75.7125,59.4625,71.65,3.616438356,1.015363313,2.9,4.4,3,3.9,4.5,3.4,3.1,4,,,,,,,,,,,,,,,,,,,,,,,,,,,,,,,,,,,,,,,,,,,,,,,
