metric,topic,start_len,end_len,word_range,auc_RealSessions_AJQGWGESKQT4Y,auc_RealSessions_A3GWRDHAURRNK6,auc_RealSessions_AVBRJBJONL47I,auc_RealSessions_A1A1ZXUVSV4YR8,auc_RealSessions_A1171IQSWQS0K8,auc_RealSessions_A3K2VSBTT3WUTI,auc_RealSessions_A1ZB2NY0F9QNP0,auc_RealSessions_A17TKHT8FEVH0R,auc_topic,aucNorm_RealSessions_AJQGWGESKQT4Y,aucNorm_RealSessions_A3GWRDHAURRNK6,aucNorm_RealSessions_AVBRJBJONL47I,aucNorm_RealSessions_A1A1ZXUVSV4YR8,aucNorm_RealSessions_A1171IQSWQS0K8,aucNorm_RealSessions_A3K2VSBTT3WUTI,aucNorm_RealSessions_A1ZB2NY0F9QNP0,aucNorm_RealSessions_A17TKHT8FEVH0R,score_limit,limit_wordCount_RealSessions_AJQGWGESKQT4Y,limit_wordCount_RealSessions_A3GWRDHAURRNK6,limit_wordCount_RealSessions_AVBRJBJONL47I,limit_wordCount_RealSessions_A1A1ZXUVSV4YR8,limit_wordCount_RealSessions_A1171IQSWQS0K8,limit_wordCount_RealSessions_A3K2VSBTT3WUTI,limit_wordCount_RealSessions_A1ZB2NY0F9QNP0,limit_wordCount_RealSessions_A17TKHT8FEVH0R,limit_wordCount_topic,limit_relativeWordCount_RealSessions_AJQGWGESKQT4Y,limit_relativeWordCount_RealSessions_A3GWRDHAURRNK6,limit_relativeWordCount_RealSessions_AVBRJBJONL47I,limit_relativeWordCount_RealSessions_A1A1ZXUVSV4YR8,limit_relativeWordCount_RealSessions_A1171IQSWQS0K8,limit_relativeWordCount_RealSessions_A3K2VSBTT3WUTI,limit_relativeWordCount_RealSessions_A1ZB2NY0F9QNP0,limit_relativeWordCount_RealSessions_A17TKHT8FEVH0R,wordcount_limit_-inf,limit_F1score_RealSessions_AJQGWGESKQT4Y_-inf,limit_F1score_RealSessions_A3GWRDHAURRNK6_-inf,limit_F1score_RealSessions_AVBRJBJONL47I_-inf,limit_F1score_RealSessions_A1A1ZXUVSV4YR8_-inf,limit_F1score_RealSessions_A1171IQSWQS0K8_-inf,limit_F1score_RealSessions_A3K2VSBTT3WUTI_-inf,limit_F1score_RealSessions_A1ZB2NY0F9QNP0_-inf,limit_F1score_RealSessions_A17TKHT8FEVH0R_-inf,limit_F1score_avg_-inf,wordcount_limit_100,limit_F1score_RealSessions_AJQGWGESKQT4Y_100,limit_F1score_RealSessions_A3GWRDHAURRNK6_100,limit_F1score_RealSessions_AVBRJBJONL47I_100,limit_F1score_RealSessions_A1A1ZXUVSV4YR8_100,limit_F1score_RealSessions_A1171IQSWQS0K8_100,limit_F1score_RealSessions_A3K2VSBTT3WUTI_100,limit_F1score_RealSessions_A1ZB2NY0F9QNP0_100,limit_F1score_RealSessions_A17TKHT8FEVH0R_100,limit_F1score_avg_100,wordcount_limit_150,limit_F1score_RealSessions_AJQGWGESKQT4Y_150,limit_F1score_RealSessions_A3GWRDHAURRNK6_150,limit_F1score_RealSessions_AVBRJBJONL47I_150,limit_F1score_RealSessions_A1A1ZXUVSV4YR8_150,limit_F1score_RealSessions_A1171IQSWQS0K8_150,limit_F1score_RealSessions_A3K2VSBTT3WUTI_150,limit_F1score_RealSessions_A1ZB2NY0F9QNP0_150,limit_F1score_RealSessions_A17TKHT8FEVH0R_150,limit_F1score_avg_150,wordcount_limit_250,limit_F1score_RealSessions_AJQGWGESKQT4Y_250,limit_F1score_RealSessions_A3GWRDHAURRNK6_250,limit_F1score_RealSessions_AVBRJBJONL47I_250,limit_F1score_RealSessions_A1A1ZXUVSV4YR8_250,limit_F1score_RealSessions_A1171IQSWQS0K8_250,limit_F1score_RealSessions_A3K2VSBTT3WUTI_250,limit_F1score_RealSessions_A1ZB2NY0F9QNP0_250,limit_F1score_RealSessions_A17TKHT8FEVH0R_250,limit_F1score_avg_250,wordcount_limit_350,limit_F1score_RealSessions_AJQGWGESKQT4Y_350,limit_F1score_RealSessions_A3GWRDHAURRNK6_350,limit_F1score_RealSessions_AVBRJBJONL47I_350,limit_F1score_RealSessions_A1A1ZXUVSV4YR8_350,limit_F1score_RealSessions_A1171IQSWQS0K8_350,limit_F1score_RealSessions_A3K2VSBTT3WUTI_350,limit_F1score_RealSessions_A1ZB2NY0F9QNP0_350,limit_F1score_RealSessions_A17TKHT8FEVH0R_350,limit_F1score_avg_350
R1,D0601,105,333,228,70.42756621,73.66396981,73.13535524,66.7924015,,,,,71.00482319,0.308892834,0.323087587,0.320769102,0.292949129,,,,,0.37,,259.8924441,229.6448454,,,,,,244.7686447,1,0.333127288,0.193852693,1,1,1,1,1,#NAME?,0.23854,0.23854,0.23854,0.23854,,,,,0.23854,100,0.251861961,0.264181538,0.2615868,0.255373704,,,,,0.258251001,150,0.3022075,0.34134,0.331052927,0.308242308,,,,,0.320710684,250,0.362068286,0.365334364,0.371065294,0.341120638,,,,,0.359897145,350,0.36177807,0.363017143,0.362626923,0.3405636,,,,,0.356996434
R1,D0603,105,333,228,72.6798961,71.88843689,67.02604861,76.09429201,,,,,71.9221684,0.318771474,0.315300162,0.293973897,0.333746895,,,,,0.37,233.1738364,248.0508259,,200.2118972,,,,,227.1455198,0.311289572,0.23699248,1,0.231349191,1,1,1,1,#NAME?,0.21638,0.21638,0.21638,0.21638,,,,,0.21638,100,0.236335357,0.234305,0.237183448,0.236335357,,,,,0.236039791,150,0.299550896,0.293059184,0.303968235,0.303698333,,,,,0.300069162,250,0.379738571,0.371394545,0.347123448,0.391111642,,,,,0.372342052,350,0.400676491,0.423131176,0.349597321,0.416533962,,,,,0.397484738
R1,D0605,105,333,228,77.23538587,72.37656498,73.46234377,76.03713202,,,,,74.77785666,0.338751692,0.317441074,0.322203262,0.333496193,,,,,0.37,186.9465805,228.9335325,214.2868173,200.5201613,,,,,207.6717729,0.273567969,0.284162092,0.243428496,0.277288526,1,1,1,1,#NAME?,0.25782,0.25782,0.25782,0.25782,,,,,0.25782,100,0.282833333,0.274708148,0.272781154,0.281066667,,,,,0.277847325,150,0.354124,0.330145106,0.320718,0.34008,,,,,0.336266777,250,0.392733243,0.377052,0.379230909,0.391904,,,,,0.385230038,350,0.399473333,0.37336,0.395010909,0.396403673,,,,,0.391061979
R1,D0608,105,333,228,74.27727,75.27589367,68.41024879,73.74284161,,,,,72.92656352,0.3257775,0.330157428,0.300044951,0.323433516,,,,,0.37,206.0031949,196.2621622,306.8637002,186.395799,,,,,223.8812141,0.294411666,0.171172557,0.417037031,0.26405156,1,1,1,1,#NAME?,0.22664,0.22664,0.22664,0.22664,,,,,0.22664,100,0.248973333,0.248973333,0.241961,0.250035161,,,,,0.247485707,150,0.318781379,0.319809811,0.283483684,0.326893171,,,,,0.312242011,250,0.378990938,0.390007037,0.350353226,0.369157429,,,,,0.372127157,350,0.380172917,0.372156,0.382275,0.375138276,,,,,0.377435548
R1,D0614,105,333,228,84.15626631,82.07128679,81.01806635,81.58423649,,,,,82.20746399,0.369106431,0.359961784,0.355342396,0.357825599,,,,,0.37,167.674772,189.8019421,189.8019421,180.7654626,,,,,182.0110297,0.225129278,0.15632463,0.2863209,0.239245714,1,1,1,1,#NAME?,0.23915,0.23915,0.23915,0.23915,,,,,0.23915,100,0.268786607,0.268786607,0.268786607,0.268786607,,,,,0.268786607,150,0.344935345,0.337209833,0.337209833,0.339421148,,,,,0.33969404,250,0.436646721,0.425028103,0.415198605,0.411812667,,,,,0.422171524,350,0.445347333,0.44439375,0.449052632,0.44108913,,,,,0.444970711
R1,D0615,105,333,228,64.79406856,67.09371972,65.19935867,69.51040066,,,,,66.6493869,0.284184511,0.294270701,0.285962099,0.304870178,,,,,0.37,,,,,,,,,nan,1,1,1,1,1,1,1,1,#NAME?,0.21461,0.21461,0.21461,0.21461,,,,,0.21461,100,0.234023333,0.237828868,0.234907455,0.238862,,,,,0.236405414,150,0.28503186,0.310411143,0.300142143,0.30731525,,,,,0.300725099,250,0.32802625,0.338813571,0.333193191,0.360243906,,,,,0.34006923,350,0.345851053,0.329430889,0.31888,0.360883913,,,,,0.338761464
R1,D0616,105,333,228,74.19682758,73.22532638,75.68159423,64.76959638,,,,,71.96833614,0.325424682,0.321163712,0.331936817,0.284077177,,,,,0.37,196.3599633,236.1353683,196.3599633,443.5006803,,,,,268.0889938,0.296368464,0.265365424,0.142025926,0.632093405,1,1,1,1,#NAME?,0.21857,0.21857,0.21857,0.21857,,,,,0.21857,100,0.246604386,0.236751719,0.246604386,0.235480833,,,,,0.241360331,150,0.344757,0.306681406,0.344757,0.288142759,,,,,0.321084541,250,0.373337308,0.380996842,0.387569032,0.332605676,,,,,0.368627214,350,0.390732955,0.402844,0.391242714,0.368397667,,,,,0.388304334
R1,D0617,105,333,228,69.09888158,72.65809846,67.01737625,74.93806012,,,,,70.9281041,0.30306527,0.31867587,0.293935861,0.328675702,,,,,0.37,,221.9847449,328.6263026,194.174306,,,,,248.2617845,1,0.340962447,0.535046969,0.406833266,1,1,1,1,#NAME?,0.11051,0.11051,0.11051,0.11051,,,,,0.11051,100,0.2415275,0.242921111,0.2546776,0.260552,,,,,0.249919553,150,0.321508571,0.309719038,0.29167625,0.333377,,,,,0.314070215,250,0.3568668,0.382907826,0.338003,0.386456667,,,,,0.366058573,350,0.345815667,0.367225614,0.380435614,0.380184839,,,,,0.368415433
R1,D0620,105,333,228,72.40254695,66.45474483,70.7563124,70.98569645,,,,,70.14982516,0.31755503,0.291468179,0.310334704,0.311340774,,,,,0.37,263.576699,,,,,,,,263.576699,0.440041852,1,1,1,1,1,1,1,#NAME?,0.26146,0.26146,0.26146,0.26146,,,,,0.26146,100,0.2767175,0.272842,0.273410345,0.265518462,,,,,0.272122077,150,0.328162414,0.309314426,0.3223,0.303980476,,,,,0.315939329,250,0.367086667,0.325730227,0.356319048,0.366865862,,,,,0.354000451,350,0.376218431,0.338017077,0.34945,0.364161765,,,,,0.356961818
R1,D0624,105,333,228,84.20877945,82.58233312,82.18372576,80.11361987,,,,,82.27211455,0.369336752,0.362203215,0.360454938,0.351375526,,,,,0.37,167.7156893,164.5258007,165.7462032,169.8572347,,,,,166.961232,0.264146609,0.108358394,0.133471658,0.235050101,1,1,1,1,#NAME?,0.25242,0.25242,0.25242,0.25242,,,,,0.25242,100,0.270273846,0.272241389,0.271717143,0.271717143,,,,,0.27148738,150,0.345787714,0.350628983,0.352055385,0.350290638,,,,,0.34969068,250,0.443367273,0.433818824,0.439502857,0.420123333,,,,,0.434203072,350,0.458931429,0.44361566,0.430927447,0.448248462,,,,,0.445430749
R1,D0627,105,333,228,,,,,74.84934953,71.29974285,72.1085225,71.14168079,72.34982392,,,,,0.328286621,0.31271817,0.31626545,0.312024916,0.37,,,,,218.9724298,242.1372549,276.4795322,236.9744817,243.6409246,1,1,1,1,0.512815541,0.341749623,0.674946137,0.300935481,#NAME?,,,,,0.07671,0.07671,0.07671,0.07671,0.07671,100,,,,,0.271546,0.23049434,0.238796279,0.246595682,0.246858075,150,,,,,0.324316296,0.306827692,0.312535094,0.303896034,0.311893779,250,,,,,0.376246667,0.373498939,0.367387692,0.372677705,0.372452751,350,,,,,0.381549538,0.38114449,0.372438033,0.366533846,0.375416477
R1,D0628,105,333,228,,,,,70.46170468,66.80873474,70.63218219,70.95129615,69.71347944,,,,,0.309042564,0.293020766,0.309790273,0.311189895,0.37,,,,,264.8105727,284.7628004,274.5845987,256.3775624,270.1338836,1,1,1,1,0.404583728,0.31317561,0.321792407,0.346401745,#NAME?,,,,,0.22902,0.22902,0.22902,0.22902,0.22902,100,,,,,,,,,nan,150,,,,,0.291577895,0.271343607,0.304048846,0.294016875,0.290246806,250,,,,,0.358793333,0.34434625,0.35974,0.366359362,0.357309736,350,,,,,0.394090638,0.39528193,0.381844737,0.387138605,0.389588977
R1,D0629,105,333,228,,,,,66.11656269,67.96185581,65.78547414,65.76693354,66.40770655,,,,,0.289984924,0.298078315,0.288532781,0.288451463,0.37,,,,,,,,,nan,1,1,1,1,1,1,1,1,#NAME?,,,,,0.21594,0.21594,0.21594,0.21594,0.21594,100,,,,,0.22511,0.22701125,0.22421,0.226344074,0.225668831,150,,,,,0.288268966,0.305214524,0.283449048,0.295086596,0.293004783,250,,,,,0.336453415,0.33966125,0.343095,0.334926364,0.338534007,350,,,,,0.330950545,0.354383043,0.334677778,0.342046875,0.34051456
R1,D0630,105,333,228,,,,,74.14706693,77.75916078,81.5842683,71.30993373,76.20010743,,,,,0.325206434,0.341048951,0.357825738,0.312762867,0.37,,,,,229.334221,175.8993103,158.6745763,222.9820816,196.7225473,1,1,1,1,0.378940848,0.195453182,0.149313668,0.200524837,#NAME?,,,,,0.23871,0.23871,0.23871,0.23871,0.23871,100,,,,,0.2681086,0.273312679,0.291846765,0.2551964,0.272116111,150,,,,,0.323472206,0.340953438,0.36040375,0.323166296,0.336998922,250,,,,,0.37655234,0.395375161,0.420886047,0.370325231,0.390784695,350,,,,,0.39377,0.399743103,0.414667959,0.378554211,0.396683818
R1,D0631,105,333,228,,,,,80.30268855,77.06126872,78.5409928,76.27642366,78.04534343,,,,,0.352204774,0.337988021,0.344478039,0.334545718,0.37,,,,,168.467425,193.716895,179.0410528,190.8233246,183.0121744,1,1,1,1,0.177241024,0.174738669,0.160283544,0.228496277,#NAME?,,,,,0.26856,0.26856,0.26856,0.26856,0.26856,100,,,,,0.285122449,0.28776,0.283368,0.28724,0.285872612,150,,,,,0.350157778,0.331084762,0.338962353,0.35329,0.343373723,250,,,,,0.414323898,0.401232128,0.415066316,0.382567778,0.40329753,350,,,,,0.409438085,0.402943898,0.409041,0.389723966,0.402786737
R1,D0640,105,333,228,,,,,73.19455546,75.92899568,76.0109415,78.05653154,75.79775604,,,,,0.321028752,0.333021911,0.333381322,0.342353208,0.37,,,,,235.2065889,217.9301075,197.528914,173.1550771,205.9551719,1,1,1,1,0.323868323,0.284243366,0.20024935,0.126648123,#NAME?,,,,,0.23037,0.23037,0.23037,0.23037,0.23037,100,,,,,0.239282381,0.240610851,0.244188261,0.240610851,0.241173086,150,,,,,0.313552222,0.319673864,0.33823,0.327218478,0.324668641,250,,,,,0.374898636,0.387765217,0.393617442,0.402756897,0.389759548,350,,,,,0.388524906,0.406751389,0.405170851,0.394063455,0.39862765
R1,D0643,105,333,228,,,,,75.23710189,76.13642472,73.32882559,76.22462567,75.23174447,,,,,0.329987289,0.333931687,0.321617656,0.334318534,0.37,,,,,199.0752033,186.1766215,198.1585761,195.9112426,194.8304108,1,1,1,1,0.234117439,0.155903184,0.188027093,0.111512111,#NAME?,,,,,0.26415,0.26415,0.26415,0.26415,0.26415,100,,,,,0.268593818,0.268509643,0.266662059,0.267275909,0.267760357,150,,,,,0.342657455,0.341170357,0.314741429,0.319374394,0.329485909,250,,,,,0.385659254,0.398026154,0.388482034,0.40259625,0.393690923,350,,,,,0.3994735,0.372247826,0.383533333,0.4056635,0.39022954
R1,D0645,105,333,228,,,,,75.3835428,77.16261385,73.73823578,74.63373814,75.22953264,,,,,0.330629574,0.338432517,0.323413315,0.327340957,0.37,,,,,207.350639,201.3977188,217.0633484,212.4587379,209.567611,1,1,1,1,0.261604399,0.207625941,0.231190968,0.149619265,#NAME?,,,,,0.24946,0.24946,0.24946,0.24946,0.24946,100,,,,,0.252559216,0.252760889,0.252760889,0.252760889,0.252710471,150,,,,,0.329298,0.329277843,0.328534032,0.329277843,0.32909693,250,,,,,0.394111786,0.405135319,0.379978431,0.378985366,0.389552726,350,,,,,0.394397115,0.405850492,0.377471765,0.402863559,0.395145733
R1,D0647,105,333,228,,,,,91.67803676,92.64978885,89.76063463,83.37824965,89.36667747,,,,,0.402096652,0.406358723,0.393686994,0.365694077,0.37,,,,,134.9377378,131.5105524,128.4795539,183.2364763,144.5410801,1,1,1,1,0.16805631,0.076999304,0.075699599,0.192464784,#NAME?,,,,,0.27749,0.27749,0.27749,0.27749,0.27749,100,,,,,0.309310488,0.31112283,0.31733,0.302835714,0.310149758,150,,,,,0.395272553,0.392789512,0.40618125,0.344755,0.384749579,250,,,,,0.470654667,0.47798,0.46874125,0.431835862,0.462302945,350,,,,,0.500764815,0.486869032,0.445670571,0.446277241,0.469895415
R1,D0650,105,333,228,,,,,57.87621409,61.41533563,62.11224288,66.19409725,61.89947246,,,,,0.253843044,0.269365507,0.272422118,0.290324988,0.37,,,,,,,,,nan,1,1,1,1,1,1,1,1,#NAME?,,,,,0.21037,0.21037,0.21037,0.21037,0.21037,100,,,,,0.215977031,0.215977031,0.215977031,0.215977031,0.215977031,150,,,,,0.272047344,0.272047344,0.272047344,0.272047344,0.272047344,250,,,,,0.28512,0.315932727,0.313707143,0.34476,0.314879968,350,,,,,0.30917,0.3285325,0.324847895,0.361460811,0.331002801
R1,AVG,105,333,228,74.34774886,73.72903746,72.38904301,73.45682771,73.92468234,74.41839216,74.36023203,73.39335101,73.75241432,0.326086618,0.323372971,0.317495803,0.322179069,0.324231063,0.326396457,0.326141369,0.321900662,0.37,,,,,,,,,216.5159232,0.510495541,0.389646531,0.495118367,0.528591176,0.446122761,0.374988888,0.400150277,0.365660262,#NAME?,0.22361,0.22361,0.22361,0.22361,0.226078,0.226078,0.226078,0.226078,0.224844,100,0.255793716,0.255353971,0.256361594,0.256372793,0.25951222,0.256395501,0.25945992,0.254981839,nan,150,0.324484668,0.320831893,0.318736346,0.320144108,0.323062071,0.321038294,0.325913315,0.316212886,0.321302948,250,0.381886206,0.379108334,0.371755861,0.377140182,0.3772814,0.383895315,0.385070135,0.378779081,0.379364564,350,0.390499768,0.385719131,0.380949856,0.389160529,0.390212914,0.39337477,0.384936392,0.387432607,0.387785746
R1,STD,0,0,0,5.852947301,5.039160329,5.574498994,5.175142878,8.316616528,8.010573442,7.439903519,5.144667281,6.003306082,0.025670821,0.02210158,0.024449557,0.022697995,0.036476388,0.035134094,0.032631156,0.02256433,0.37,,,,,,,,,35.56899048,0.324698261,0.313336289,0.350082158,0.329179393,0.294585232,0.321181907,0.337715749,0.324623803,#NAME?,0.041057063,0.041057063,0.041057063,0.041057063,0.054121228,0.054121228,0.054121228,0.054121228,0.048051198,100,0.016582995,0.015860273,0.014530093,0.015120227,0.027835534,0.029518503,0.031375373,0.02604495,nan,150,0.022115395,0.017322719,0.021990152,0.019392168,0.03356768,0.03382727,0.036671484,0.023623736,0.02406639,250,0.033348185,0.031567373,0.032730408,0.026991112,0.04577543,0.042658942,0.041355655,0.027046099,0.033311594,350,0.036056907,0.038891632,0.036885015,0.033888318,0.047833222,0.039411062,0.03452982,0.027078513,0.034871881
R1,BootAvg,,,,,,,,,,,,73.7428925,,,,,,,,,,,,,,,,,,216.5324473,,,,,,,,,#NAME?,,,,,,,,,0.22564275,100,,,,,,,,,nan,150,,,,,,,,,0.321161747,250,,,,,,,,,0.379352899,350,,,,,,,,,0.38769722
R1,BootLower,,,,,,,,,,,,71.21915894,,,,,,,,,,,,,,,,,,199.5214746,,,,,,,,,#NAME?,,,,,,,,0.023995625,0.201647125,100,,,,,,,,,nan,150,,,,,,,,0.010195298,0.31096645,250,,,,,,,,0.014017584,0.365335315,350,,,,,,,,0.014643471,0.373053748
R1,BootUpper,,,,,,,,,,,,76.42759216,,,,,,,,,,,,,,,,,,232.9894534,,,,,,,,,#NAME?,,,,,,,,0.017793788,0.243436538,100,,,,,,,,,nan,150,,,,,,,,0.011087898,0.332249646,250,,,,,,,,0.015352649,0.394705548,350,,,,,,,,0.015970044,0.403667263
,,,,,,,,,,,,,,,,,,,,,,,,,,,,,,,,,,,,,,,,,,,,,,,,,,,,,,,,,,,,,,,,,,,,,,,,,,,,,,,,,,,,,,,,,
R2,D0601,105,333,228,8.663896553,8.251163481,9.528170092,3.994498463,,,,,7.609432147,0.037999546,0.036189314,0.04179022,0.01751973,,,,,0.06,460.5126324,,,,,,,,460.5126324,0.96275741,1,1,1,1,1,1,1,#NAME?,0.01999,0.01999,0.01999,0.01999,,,,,0.01999,100,0.022685686,0.025765,0.0219192,0.020034074,,,,,0.02260099,150,0.03402,0.04136,0.029362439,0.019741538,,,,,0.031120994,250,0.046510571,0.040374727,0.055187059,0.019430638,,,,,0.040375749,350,0.042834035,0.040692619,0.055173846,0.0226616,,,,,0.040340525
R2,D0603,105,333,228,12.24330337,13.60382186,13.17012655,13.27500903,,,,,13.0730652,0.053698699,0.059665885,0.057763713,0.058223724,,,,,0.06,232.7155425,176.5212014,148.2687174,192.1134289,,,,,187.4047226,0.31032677,0.133025002,0.078987163,0.215087207,1,1,1,1,#NAME?,0.04081,0.04081,0.04081,0.04081,,,,,0.04081,100,0.042060893,0.044627742,0.045082414,0.042060893,,,,,0.043457985,150,0.046737313,0.056936531,0.060877353,0.048036667,,,,,0.053146966,250,0.063608571,0.068847818,0.06623,0.066139403,,,,,0.066206448,350,0.074833158,0.086731765,0.066239643,0.08129717,,,,,0.077275434
R2,D0605,105,333,228,17.93580055,15.2143699,16.08437329,18.25022145,,,,,16.8711913,0.078665792,0.066729693,0.070545497,0.080044831,,,,,0.06,,,,,,,,,nan,1,1,1,1,1,1,1,1,#NAME?,0.06747,0.06747,0.06747,0.06747,,,,,0.06747,100,0.069955,0.067215926,0.067957308,0.07577,,,,,0.070224558,150,0.077116,0.068345319,0.070872,0.09149,,,,,0.07695583,250,0.094543243,0.079444,0.08203,0.090472,,,,,0.086622311,350,0.089748333,0.07652,0.088600909,0.090521633,,,,,0.086347719
R2,D0608,105,333,228,12.12297444,10.87766311,8.659242586,10.92543016,,,,,10.64632758,0.053170941,0.047709049,0.037979134,0.047918553,,,,,0.06,175.8319731,,,382.7114026,,,,,279.2716879,0.221002368,1,1,0.775290111,1,1,1,1,#NAME?,0.0339,0.0339,0.0339,0.0339,,,,,0.0339,100,0.037113333,0.037113333,0.035406,0.036795968,,,,,0.036607159,150,0.050722759,0.046898491,0.037891053,0.046592927,,,,,0.045526307,250,0.062488125,0.056658704,0.043681935,0.055529714,,,,,0.05458962,350,0.06088375,0.052796167,0.055235,0.054410862,,,,,0.055831445
R2,D0614,105,333,228,17.66404077,18.5342183,18.59290878,17.36096307,,,,,18.03803273,0.077473863,0.081290431,0.081547846,0.076144575,,,,,0.06,103.9786597,103.9786597,103.9786597,103.9786597,,,,,103.9786597,0.05968483,0.033015316,0.060470157,0.055104699,1,1,1,1,#NAME?,0.04904,0.04904,0.04904,0.04904,,,,,0.04904,100,0.058102321,0.058102321,0.058102321,0.058102321,,,,,0.058102321,150,0.077957759,0.07705,0.07705,0.077561475,,,,,0.077404809,250,0.089504098,0.089060345,0.099179535,0.086208667,,,,,0.090988161,350,0.091943333,0.1101075,0.100462632,0.089063913,,,,,0.097894344
R2,D0615,105,333,228,10.9423804,9.849072569,9.519037182,11.90865422,,,,,10.55478609,0.047992896,0.043197687,0.041750163,0.05223094,,,,,0.06,358.6666667,,,221.585209,,,,,290.1259378,0.966903073,1,1,0.414633667,1,1,1,1,#NAME?,0.03523,0.03523,0.03523,0.03523,,,,,0.03523,100,0.037203333,0.036799057,0.037022,0.041166,,,,,0.038047597,150,0.045519302,0.041694857,0.042473571,0.052693,,,,,0.045595183,250,0.05703875,0.050524286,0.050079574,0.061025469,,,,,0.05466702,350,0.05961,0.053051333,0.046583333,0.066413043,,,,,0.056414428
R2,D0616,105,333,228,10.86653409,11.45176038,11.47969,8.271156053,,,,,10.51728513,0.047660237,0.050227019,0.050349518,0.036277,,,,,0.06,362.4373796,248.9838129,264.5959004,422.6884343,,,,,324.6763818,0.746442763,0.288227425,0.230644027,0.595192259,1,1,1,1,#NAME?,0.02862,0.02862,0.02862,0.02862,,,,,0.02862,100,0.033318246,0.032085313,0.033318246,0.030567292,,,,,0.032322274,150,0.049716,0.045413438,0.049716,0.036795345,,,,,0.045410196,250,0.056692308,0.060198246,0.058392097,0.041960811,,,,,0.054310865,350,0.057712273,0.068398889,0.067622286,0.052152,,,,,0.061471362
R2,D0617,105,333,228,15.2319045,17.99327281,17.51208677,17.72359997,,,,,17.11521601,0.066806599,0.078917863,0.076807398,0.077735088,,,,,0.06,143.0208483,112.8176271,64.56475332,64.56475332,,,,,96.24199552,0.27212613,0.14808768,0.063508488,0.087597915,1,1,1,1,#NAME?,0.02513,0.02513,0.02513,0.02513,,,,,0.02513,100,0.045674375,0.052997778,0.0680124,0.070680667,,,,,0.059341305,150,0.061662857,0.074486154,0.068615,0.077247333,,,,,0.070502836,250,0.0865448,0.096326957,0.087532,0.091870417,,,,,0.090568543,350,0.080868,0.095225263,0.114027544,0.084250323,,,,,0.093592782
R2,D0620,105,333,228,11.70396393,9.2365995,11.15466997,8.732238922,,,,,10.20686808,0.051333175,0.040511401,0.048923991,0.038299294,,,,,0.06,264.1666667,,,,,,,,264.1666667,0.441520468,1,1,1,1,1,1,1,#NAME?,0.03931,0.03931,0.03931,0.03931,,,,,0.03931,100,0.041825,0.040126,0.042287241,0.038153077,,,,,0.04059783,150,0.051059655,0.043007377,0.053933333,0.037050476,,,,,0.04626271,250,0.05915,0.045687727,0.054534762,0.042217241,,,,,0.050397433,350,0.064377843,0.047851538,0.05685,0.049235294,,,,,0.054578669
R2,D0624,105,333,228,17.41373079,20.68262521,18.02347715,16.87052051,,,,,18.24758841,0.076376012,0.090713268,0.079050338,0.073993511,,,,,0.06,163.2703506,139.9573058,127.6860548,127.6860548,,,,,139.6499415,0.249229364,0.073109477,0.067280095,0.112459462,1,1,1,1,#NAME?,0.02688,0.02688,0.02688,0.02688,,,,,0.02688,100,0.031437949,0.034078889,0.036297347,0.036297347,,,,,0.034527883,150,0.053618857,0.066418814,0.072372308,0.071985745,,,,,0.066098931,250,0.101515455,0.119275735,0.098477143,0.091856667,,,,,0.10278125,350,0.115263061,0.128893019,0.105212553,0.092648462,,,,,0.110504274
R2,D0627,105,333,228,,,,,8.213212147,5.922907855,11.16838172,9.474932483,8.694858551,,,,,0.03602286,0.025977666,0.04898413,0.041556721,0.06,,,,,,,,,nan,1,1,1,1,1,1,1,1,#NAME?,,,,,0.00754,0.00754,0.00754,0.00754,0.00754,100,,,,,0.030383,0.017554151,0.04037,0.020386364,0.027173379,150,,,,,0.033564074,0.023524615,0.050941132,0.030725862,0.034688921,250,,,,,0.033021111,0.028426364,0.056481538,0.054393443,0.043080614,350,,,,,0.057670154,0.042780816,0.05525,0.049610769,0.051327935
R2,D0628,105,333,228,,,,,9.51845117,9.499944474,10.17083406,8.782996639,9.493056586,,,,,0.041747593,0.041666423,0.044608921,0.038521915,0.06,,,,,277.1905972,509.8859857,603.5,506.7021277,474.3196777,1,1,1,1,0.435925563,0.705376282,0.945920304,0.919226837,#NAME?,,,,,0.03434,0.03434,0.03434,0.03434,0.03434,100,,,,,,,,,nan,150,,,,,0.036574211,0.041900328,0.040726538,0.039074375,0.039568863,250,,,,,0.043539231,0.043538333,0.052498,0.042986596,0.04564054,350,,,,,0.065180851,0.05858,0.053635088,0.049969767,0.056841427
R2,D0629,105,333,228,,,,,12.60464608,12.28295946,10.677602,7.727167917,10.82309386,,,,,0.055283535,0.053872629,0.046831588,0.033891087,0.06,,,,,176.3414436,253.6185567,543.6435986,,324.534533,1,1,1,1,0.204268244,0.297993612,0.775634421,1,#NAME?,,,,,0.04082,0.04082,0.04082,0.04082,0.04082,100,,,,,0.042701923,0.042645,0.041188,0.040423333,0.041739564,150,,,,,0.054400172,0.055359524,0.045682381,0.039509149,0.048737807,250,,,,,0.064884634,0.05956125,0.055515,0.035896364,0.053964312,350,,,,,0.063440364,0.073233478,0.054892222,0.035621875,0.056796985
R2,D0630,105,333,228,,,,,12.95527109,12.92089164,15.28576539,8.992517619,12.53861143,,,,,0.056821364,0.056670577,0.067042831,0.039440867,0.06,,,,,191.4210526,181.5938681,104.0831743,600.7647059,269.4657002,1,1,1,1,0.284629484,0.206707249,0.049512202,0.719457014,#NAME?,,,,,0.03079,0.03079,0.03079,0.03079,0.03079,100,,,,,0.0328002,0.037271071,0.055596176,0.0289868,0.038663562,150,,,,,0.044028529,0.046708125,0.074410357,0.034886667,0.05000842,250,,,,,0.071212766,0.068571613,0.07329093,0.049361077,0.065609097,350,,,,,0.07903,0.073012414,0.079308367,0.057234737,0.072146379
R2,D0631,105,333,228,,,,,21.97720369,15.40920716,18.5148227,16.06411232,17.99133647,,,,,0.096391244,0.067584242,0.081205363,0.070456633,0.06,,,,,91.65217391,102.4119107,100.5714286,93.96329412,97.14970182,1,1,1,1,0.008044436,0.02382134,0.022132797,0.013251765,#NAME?,,,,,0.05736,0.05736,0.05736,0.05736,0.05736,100,,,,,0.066034286,0.059558182,0.05988,0.0626725,0.062036242,150,,,,,0.097759206,0.064080952,0.072792941,0.07918,0.078453275,250,,,,,0.113471864,0.079908298,0.100058947,0.073706667,0.091786444,350,,,,,0.11149766,0.084138136,0.09970975,0.085177241,0.095130697
R2,D0640,105,333,228,,,,,13.14837617,14.3987696,14.64628708,16.24970567,14.61078463,,,,,0.057668317,0.063152498,0.064238101,0.071270639,0.06,,,,,195.8329646,209.2103041,139.3212157,152.7102672,174.2686879,1,1,1,1,0.233561845,0.264243817,0.087661926,0.093936428,#NAME?,,,,,0.03542,0.03542,0.03542,0.03542,0.03542,100,,,,,0.037194286,0.037402553,0.038871304,0.037402553,0.037717674,150,,,,,0.05198,0.051604545,0.06543,0.057905435,0.056729995,250,,,,,0.064419091,0.074796957,0.078682791,0.087346552,0.076311347,350,,,,,0.079853019,0.090905278,0.079035319,0.086138727,0.083983086
R2,D0643,105,333,228,,,,,20.63598965,16.78389567,21.61770488,20.85585539,19.9733614,,,,,0.090508727,0.073613577,0.094814495,0.09147305,0.06,,,,,,,,,nan,1,1,1,1,1,1,1,1,#NAME?,,,,,0.07591,0.07591,0.07591,0.07591,0.07591,100,,,,,0.077482,0.075916964,0.075641765,0.076091364,0.076283023,150,,,,,0.103682,0.076033036,0.085156667,0.079114091,0.085996448,250,,,,,0.101003433,0.086586923,0.118588136,0.11548,0.105414623,350,,,,,0.114411,0.079604783,0.110278,0.110309,0.103650696
R2,D0645,105,333,228,,,,,14.87315918,15.71126379,14.48603278,14.79732707,14.9669457,,,,,0.065233154,0.068909052,0.063535231,0.064900557,0.06,,,,,144.8993118,166.6913738,169.7978597,166.6913738,162.0199798,1,1,1,1,0.112199311,0.137934486,0.13941332,0.089792645,#NAME?,,,,,0.03461,0.03461,0.03461,0.03461,0.03461,100,,,,,0.035692745,0.035415333,0.035415333,0.035415333,0.035484686,150,,,,,0.0624305,0.054878039,0.054629032,0.054878039,0.056703903,250,,,,,0.080011429,0.09246383,0.079322353,0.075566829,0.08184111,350,,,,,0.076340577,0.094756557,0.086411176,0.094774407,0.088070679
R2,D0647,105,333,228,,,,,27.46873502,29.77393462,31.21164947,25.58786959,28.51054717,,,,,0.120476908,0.130587433,0.136893199,0.112227498,0.06,,,,,,,,,nan,1,1,1,1,1,1,1,1,#NAME?,,,,,0.08909,0.08909,0.08909,0.08909,0.08909,100,,,,,0.096377805,0.098480566,0.109383333,0.098685714,0.100731855,150,,,,,0.115105532,0.121613171,0.144053125,0.109543,0.122578707,250,,,,,0.141319333,0.150981404,0.1629125,0.129407586,0.146155206,350,,,,,0.158345926,0.174913871,0.147855429,0.142323621,0.155859712
R2,D0650,105,333,228,,,,,8.011628005,8.431060313,7.868103842,10.50021558,8.702751935,,,,,0.035138719,0.036978335,0.034509227,0.046053577,0.06,,,,,390.4703196,376.372549,428.6435644,273.8649156,367.3378371,1,1,1,1,0.769453957,0.5349288,0.7669967,0.45167908,#NAME?,,,,,0.03875,0.03875,0.03875,0.03875,0.03875,100,,,,,0.038467188,0.038467188,0.038467188,0.038467188,0.038467188,150,,,,,0.035639063,0.035639063,0.035639063,0.035639063,0.035639063,250,,,,,0.03553,0.042567273,0.037457143,0.05735,0.043226104,350,,,,,0.055773,0.05630125,0.046524737,0.069036216,0.056908801
R2,AVG,105,333,228,13.47885294,13.56945671,13.37237824,12.73122918,14.94066722,14.11348346,15.56471839,13.90327003,13.95925702,0.059117776,0.059515161,0.058650782,0.055838724,0.065529242,0.061901243,0.068266309,0.060979255,0.06,,,,,,,,,250.9452965,0.522999318,0.56754649,0.550088993,0.525536532,0.504808284,0.517100559,0.578727167,0.628734377,#NAME?,0.036638,0.036638,0.036638,0.036638,0.044463,0.044463,0.044463,0.044463,0.0405505,100,0.041937614,0.042891136,0.044540448,0.044962764,0.050792604,0.049190112,0.054979233,0.048725683,nan,150,0.05481305,0.056161098,0.056316306,0.055919451,0.063516329,0.05713414,0.066946124,0.056045568,0.058356508,250,0.071759592,0.070639854,0.069532411,0.064671103,0.074841289,0.072740224,0.081480734,0.072149511,0.07222684,350,0.073807379,0.076026809,0.075600775,0.06826543,0.086154255,0.082822658,0.081290009,0.078019636,0.077748369
R2,STD,0,0,0,3.144734656,4.124956195,3.657321286,4.586928008,6.117093641,6.181644755,6.509966612,5.617032374,4.979042514,0.013792696,0.018091913,0.016040883,0.020118105,0.026829358,0.027112477,0.028552485,0.024636107,0.06,,,,,,,,,117.3843141,0.341103002,0.4368118,0.452291191,0.378811662,0.377322203,0.364790474,0.420174795,0.403807328,#NAME?,0.013067299,0.013067299,0.013067299,0.013067299,0.022414988,0.022414988,0.022414988,0.022414988,0.018759015,100,0.012888457,0.012223355,0.014608729,0.016801213,0.022093782,0.023287523,0.022924105,0.023832014,nan,150,0.013123207,0.013524438,0.015422306,0.021533204,0.0290596,0.025562075,0.029827719,0.024496618,0.021465824,250,0.018249976,0.023860087,0.019517468,0.024029263,0.033343495,0.032674124,0.035369558,0.029358906,0.026580149,350,0.020070893,0.027582278,0.023059714,0.022010609,0.030869576,0.034326749,0.029990209,0.030788994,0.026646096
R2,BootAvg,,,,,,,,,,,,13.90996142,,,,,,,,,,,,,,,,,,250.7873899,,,,,,,,,#NAME?,,,,,,,,,0.040466,100,,,,,,,,,nan,150,,,,,,,,,0.058101953,250,,,,,,,,,0.071940741,350,,,,,,,,,0.07741123
R2,BootLower,,,,,,,,,,,,11.9628799,,,,,,,,,,,,,,,,,,194.821476,,,,,,,,,#NAME?,,,,,,,,0.007662138,0.032803863,100,,,,,,,,,nan,150,,,,,,,,0.008683868,0.049418085,250,,,,,,,,0.010900189,0.061040552,350,,,,,,,,0.010746292,0.066664938
R2,BootUpper,,,,,,,,,,,,16.28318214,,,,,,,,,,,,,,,,,,308.6950508,,,,,,,,,#NAME?,,,,,,,,0.008775112,0.049241112,100,,,,,,,,,nan,150,,,,,,,,0.010042938,0.06814489,250,,,,,,,,0.012375621,0.084316362,350,,,,,,,,0.012759104,0.090170333
,,,,,,,,,,,,,,,,,,,,,,,,,,,,,,,,,,,,,,,,,,,,,,,,,,,,,,,,,,,,,,,,,,,,,,,,,,,,,,,,,,,,,,,,,
RL,D0601,105,333,228,59.28344927,61.477648,61.93657751,56.16772372,,,,,59.71634962,0.260015128,0.269638807,0.271651656,0.246349665,,,,,0.29,183.0662021,153.7938719,158.2104768,364.5756208,,,,,214.9115429,0.249527512,0.129873318,0.097450036,0.616317745,1,1,1,1,#NAME?,0.20642,0.20642,0.20642,0.20642,,,,,0.20642,100,0.218196471,0.227105,0.2249868,0.218065926,,,,,0.222088549,150,0.2608,0.288378571,0.283615854,0.25612,,,,,0.272228606,250,0.303335571,0.303894727,0.313427059,0.288622979,,,,,0.302320084,350,0.29882614,0.302374286,0.29924,0.2874172,,,,,0.296964407
RL,D0603,105,333,228,60.14087971,58.7589046,53.6746204,62.66538753,,,,,58.80994806,0.263775788,0.257714494,0.235415002,0.274848191,,,,,0.29,201.7168836,226.6441516,,183.4500464,,,,,203.9370272,0.245203537,0.205878127,1,0.197690856,1,1,1,1,#NAME?,0.17581,0.17581,0.17581,0.17581,,,,,0.17581,100,0.192781429,0.190239032,0.192692759,0.192781429,,,,,0.192123662,150,0.246704478,0.23775449,0.246403824,0.249946667,,,,,0.245202364,250,0.311262857,0.302888182,0.276683448,0.324623284,,,,,0.303864443,350,0.333141228,0.348232353,0.276923214,0.340599245,,,,,0.32472401
RL,D0605,105,333,228,63.2182921,57.9126078,58.39746195,61.54587716,,,,,60.26855975,0.277273211,0.254002666,0.256129219,0.269938058,,,,,0.29,142.2616732,208.3171021,222.839576,162.1818182,,,,,183.9000424,0.152470659,0.243175153,0.259657639,0.184459608,1,1,1,1,#NAME?,0.22206,0.22206,0.22206,0.22206,,,,,0.22206,100,0.240195833,0.234094815,0.230546154,0.240803333,,,,,0.236410034,150,0.294287333,0.271826809,0.259072,0.28698,,,,,0.278041535,250,0.32113027,0.298446,0.298734545,0.31178,,,,,0.307522704,350,0.324318333,0.29886,0.31651,0.317423673,,,,,0.314278002
RL,D0608,105,333,228,59.14832125,60.87235167,55.94272603,60.97607177,,,,,59.23486768,0.259422462,0.266983999,0.245362833,0.267438911,,,,,0.29,202.092562,176.679547,,180.0406321,,,,,186.2709137,0.284896744,0.141045457,1,0.247501646,1,1,1,1,#NAME?,0.20367,0.20367,0.20367,0.20367,,,,,0.20367,100,0.219226667,0.219226667,0.216267,0.219374032,,,,,0.218523591,150,0.263415862,0.267332453,0.250086316,0.270524878,,,,,0.262839877,250,0.296089375,0.310373333,0.278869677,0.306622571,,,,,0.297988739,350,0.300940625,0.2950985,0.285332,0.310431207,,,,,0.297950583
RL,D0614,105,333,228,66.51705899,65.89478383,65.60857923,66.64125825,,,,,66.16542007,0.291741487,0.28901221,0.287756926,0.29228622,,,,,0.29,156.163616,161.7585724,161.7585724,156.1872333,,,,,158.9669985,0.195230171,0.116032432,0.212522559,0.180305116,1,1,1,1,#NAME?,0.19954,0.19954,0.19954,0.19954,,,,,0.19954,100,0.224229821,0.224229821,0.224229821,0.224229821,,,,,0.224229821,150,0.284310345,0.2815985,0.2815985,0.284295574,,,,,0.28295073,250,0.345902459,0.337184138,0.335950465,0.341628,,,,,0.340166266,350,0.342615333,0.34429875,0.344611053,0.33628087,,,,,0.341951501
RL,D0615,105,333,228,54.87727431,57.79788525,55.90541121,54.90253826,,,,,55.87077726,0.2406898,0.253499497,0.245199172,0.240800606,,,,,0.29,256.4862493,214.6890349,240.1397946,285.4127854,,,,,249.181966,0.604561168,0.274390266,0.283345211,0.609825032,1,1,1,1,#NAME?,0.17656,0.17656,0.17656,0.17656,,,,,0.17656,100,0.190466667,0.196220755,0.195505818,0.196116,,,,,0.19457731,150,0.228655814,0.257473714,0.255065714,0.240505,,,,,0.245425061,250,0.28722875,0.299047143,0.291354468,0.283941094,,,,,0.290392864,350,0.291219474,0.280921111,0.272186667,0.294478696,,,,,0.284701487
RL,D0616,105,333,228,62.71886646,59.20124188,61.50630651,53.72256059,,,,,59.28724386,0.275082748,0.25965457,0.269764502,0.235625266,,,,,0.29,157.4757506,222.8809235,157.4757506,309.9760341,,,,,211.9521147,0.190991194,0.241781003,0.091526949,0.395347578,1,1,1,1,#NAME?,0.19312,0.19312,0.19312,0.19312,,,,,0.19312,100,0.213441053,0.205955469,0.213441053,0.206561458,,,,,0.209849758,150,0.285684,0.255322656,0.285684,0.245375,,,,,0.268016414,250,0.321866923,0.301746842,0.31225629,0.273372162,,,,,0.302310554,350,0.323828636,0.322758,0.305070571,0.305092,,,,,0.314187302
RL,D0617,105,333,228,56.48159317,62.08453612,56.68787832,60.73133993,,,,,58.99633688,0.247726286,0.272300597,0.248631045,0.266365526,,,,,0.29,229.6518219,169.4875514,290.3958912,155.8340249,,,,,211.3423223,0.47888263,0.248211222,0.466778377,0.312399076,1,1,1,1,#NAME?,0.09804,0.09804,0.09804,0.09804,,,,,0.09804,100,0.206078125,0.219707778,0.2253152,0.232444,,,,,0.220886276,150,0.273314571,0.272689808,0.255335,0.286094,,,,,0.271858345,250,0.2897344,0.325702609,0.28336,0.306069583,,,,,0.301216648,350,0.270765,0.301306491,0.310324737,0.291134839,,,,,0.293382767
RL,D0620,105,333,228,59.06811859,53.67466902,57.3224476,56.20968302,,,,,56.56872955,0.259070696,0.235415215,0.251414244,0.246533697,,,,,0.29,186.6133638,,190.2088062,,,,,,188.411085,0.247151288,1,0.223163332,1,1,1,1,1,#NAME?,0.21938,0.21938,0.21938,0.21938,,,,,0.21938,100,0.233215,0.227201,0.229793103,0.222161538,,,,,0.22809266,150,0.278946552,0.254116557,0.271545833,0.248736667,,,,,0.263336402,250,0.29754,0.264445682,0.284286667,0.289183103,,,,,0.283863863,350,0.294432157,0.264041692,0.27364,0.274401765,,,,,0.276628903
RL,D0624,105,333,228,68.78614889,70.53372771,69.55774958,67.68704754,,,,,69.14116843,0.301693635,0.309358455,0.305077849,0.296873016,,,,,0.29,156.6795751,143.8999604,142.6272558,143.2087316,,,,,146.6038807,0.227112668,0.078766084,0.093264793,0.157583522,1,1,1,1,#NAME?,0.20342,0.20342,0.20342,0.20342,,,,,0.20342,100,0.219245897,0.222468333,0.221893265,0.221893265,,,,,0.22137519,150,0.282903429,0.297823559,0.296835385,0.295593404,,,,,0.293288944,250,0.359497045,0.364985441,0.369517143,0.356493333,,,,,0.362623241,350,0.37823102,0.388363019,0.373797447,0.373379231,,,,,0.378442679
RL,D0627,105,333,228,,,,,60.95495893,56.155787,59.7546732,57.10233764,58.49193919,,,,,0.267346311,0.246297311,0.2620819,0.250448849,0.29,,,,,197.144112,239.3636364,196.7336884,188.5040121,205.4363622,1,1,1,1,0.45655699,0.337482517,0.465088654,0.233708755,#NAME?,,,,,0.07109,0.07109,0.07109,0.07109,0.07109,100,,,,,0.218408,0.190400755,0.204636047,0.202947273,0.204098018,150,,,,,0.262778148,0.244778462,0.26117283,0.246151897,0.253720334,250,,,,,0.309618889,0.29204303,0.306081538,0.299138033,0.301720373,350,,,,,0.307855231,0.291423878,0.303868689,0.289878077,0.298256468
RL,D0628,105,333,228,,,,,58.83519362,54.34176263,59.58312656,58.4630618,57.80578615,,,,,0.258049095,0.238341064,0.261329502,0.256416938,0.29,,,,,234.3015974,272.2898998,199.3016959,217.4427481,230.8339853,1,1,1,1,0.327345816,0.291445818,0.178940599,0.25730606,#NAME?,,,,,0.18919,0.18919,0.18919,0.18919,0.18919,100,,,,,,,,,nan,150,,,,,0.246205789,0.226720492,0.250796731,0.240565,0.241072003,250,,,,,0.297692308,0.281716667,0.305042,0.307052553,0.297875882,350,,,,,0.325662553,0.315144912,0.321748421,0.314346977,0.319225716
RL,D0629,105,333,228,,,,,55.36277338,57.11278981,54.51828243,54.33323104,55.33176917,,,,,0.242819182,0.250494692,0.239115274,0.238303645,0.29,,,,,,301.4527163,,,301.4527163,1,1,1,1,1,0.386739733,1,1,#NAME?,,,,,0.19131,0.19131,0.19131,0.19131,0.19131,100,,,,,0.19943,0.2009175,0.197876,0.199015185,0.199309671,150,,,,,0.246131034,0.268459286,0.239890952,0.250857872,0.251334786,250,,,,,0.280954146,0.27830625,0.284265,0.272791364,0.27907919,350,,,,,0.274664545,0.29845913,0.270997778,0.277102813,0.280306067
RL,D0630,105,333,228,,,,,61.37908406,60.1132081,64.31635486,57.59281802,60.85036626,,,,,0.269206509,0.263654422,0.282089276,0.252600079,0.29,,,,,182.0253488,175.1557007,144.2166752,217.1899898,179.6469286,1,1,1,1,0.261257087,0.193983598,0.122882404,0.192568667,#NAME?,,,,,0.20199,0.20199,0.20199,0.20199,0.20199,100,,,,,0.2235318,0.225581429,0.245933529,0.211374,0.226605189,150,,,,,0.266032794,0.272089688,0.294013214,0.268730741,0.275216609,250,,,,,0.314107021,0.302806129,0.323215349,0.293760154,0.308472163,350,,,,,0.3254,0.303117931,0.321448367,0.295329474,0.311323943
RL,D0631,105,333,228,,,,,67.018275,64.66713122,67.02256936,64.22218884,65.7325411,,,,,0.293939803,0.283627769,0.293958638,0.281676267,0.29,,,,,144.1488392,162.7291667,147.9103065,143.4479419,149.5590636,1,1,1,1,0.123675857,0.123519284,0.105475892,0.123217649,#NAME?,,,,,0.22205,0.22205,0.22205,0.22205,0.22205,100,,,,,0.23741,0.240295455,0.239996,0.237115,0.238704114,150,,,,,0.294280635,0.280398571,0.291991765,0.296765,0.290858993,250,,,,,0.347008644,0.340174894,0.358839474,0.328254444,0.343569364,350,,,,,0.343149362,0.332165085,0.34306925,0.322985862,0.33534239
RL,D0640,105,333,228,,,,,61.93024554,66.21678471,62.78518302,66.29693264,64.30728648,,,,,0.271623884,0.290424494,0.27537361,0.29077602,0.29,,,,,194.258767,159.8366733,167.0869565,151.8224119,168.2512022,1,1,1,1,0.2299513,0.151001544,0.141367421,0.092515859,#NAME?,,,,,0.20396,0.20396,0.20396,0.20396,0.20396,100,,,,,0.210027619,0.212762128,0.213132174,0.212762128,0.212171012,150,,,,,0.260591111,0.281075455,0.27952,0.287122174,0.277077185,250,,,,,0.316707273,0.339511304,0.326237674,0.341125517,0.330895442,350,,,,,0.334106415,0.339645278,0.330851702,0.325350909,0.332488576
RL,D0643,105,333,228,,,,,63.50089332,61.63186612,61.94516124,62.77286676,62.46269686,,,,,0.27851269,0.270315202,0.271689304,0.275319591,0.29,,,,,144.8743597,149.5272727,172.5994224,176.9738501,160.9937263,1,1,1,1,0.109803577,0.091830896,0.140519373,0.090162176,#NAME?,,,,,0.23222,0.23222,0.23222,0.23222,0.23222,100,,,,,0.235840727,0.23552,0.233996176,0.234369091,0.234931499,150,,,,,0.296186182,0.29052,0.266771905,0.270187273,0.28091634,250,,,,,0.323182537,0.316630769,0.327539492,0.328095625,0.323862106,350,,,,,0.327393,0.29072,0.314245333,0.3281065,0.315116208
RL,D0645,105,333,228,,,,,63.72198977,64.1753366,61.93912289,61.49955854,62.83400195,,,,,0.279482411,0.281470775,0.27166282,0.269734906,0.29,,,,,156.2830957,174.0124658,177.4731721,174.0124658,170.4452999,1,1,1,1,0.139433243,0.152635473,0.154316839,0.0993627,#NAME?,,,,,0.21936,0.21936,0.21936,0.21936,0.21936,100,,,,,0.221954902,0.221610667,0.221610667,0.221610667,0.221696725,150,,,,,0.28614375,0.274514314,0.274061129,0.274514314,0.277308377,250,,,,,0.331338214,0.338315319,0.322424118,0.310046098,0.325530937,350,,,,,0.317769423,0.331451803,0.31483,0.332963729,0.324253739
RL,D0647,105,333,228,,,,,76.75895687,78.19907892,77.22819674,73.21855164,76.35119604,,,,,0.336662092,0.342978416,0.338720161,0.321133998,0.29,,,,,108.1376738,110.7852087,107.8715596,112.0513796,109.7114554,1,1,1,1,0.082976742,0.044767043,0.042136091,0.0571319,#NAME?,,,,,0.2524,0.2524,0.2524,0.2524,0.2524,100,,,,,0.278293659,0.275912075,0.27856,0.274921429,0.276921791,150,,,,,0.346003191,0.338784878,0.355420625,0.313387,0.338398924,250,,,,,0.389196,0.399274211,0.40109375,0.379937241,0.3923753,350,,,,,0.401781852,0.406933871,0.379557429,0.37450931,0.390695615
RL,D0650,105,333,228,,,,,48.48612887,50.24602656,51.58684235,54.29780859,51.15420159,,,,,0.21265846,0.220377309,0.22625808,0.238148283,0.29,,,,,,,,289.36,289.36,1,1,1,1,1,1,1,0.490808081,#NAME?,,,,,0.18667,0.18667,0.18667,0.18667,0.18667,100,,,,,0.190423125,0.190423125,0.190423125,0.190423125,0.190423125,150,,,,,0.227954375,0.227954375,0.227954375,0.227954375,0.227954375,250,,,,,0.23725,0.255515455,0.264,0.27934,0.259026364,350,,,,,0.260756,0.26728875,0.260449474,0.296096757,0.271147745
RL,AVG,105,333,228,61.02400027,60.82083559,59.65397583,60.12494878,61.79484994,61.28597717,62.06795126,60.97993555,60.9690593,0.267649124,0.266758051,0.261640245,0.263705916,0.271030044,0.268798145,0.272227856,0.267455858,0.29,,,,,,,,,196.0584317,0.287602757,0.267915306,0.37277089,0.390143018,0.373100061,0.277340591,0.335072727,0.263678185,#NAME?,0.189802,0.189802,0.189802,0.189802,0.197024,0.197024,0.197024,0.197024,0.193413,100,0.215707696,0.216644867,0.217467097,0.21744308,0.223924426,0.221491459,0.225129302,0.220504211,nan,150,0.269902238,0.268431712,0.268524243,0.266417119,0.273230701,0.270529552,0.274159353,0.267623564,0.26985231,250,0.313358765,0.31087141,0.304443976,0.308233611,0.314705503,0.314429403,0.321873839,0.313954103,0.312733826,350,0.315831795,0.31462542,0.305763569,0.313063873,0.321853838,0.317635064,0.316106644,0.315667041,0.315068405
RL,STD,0,0,0,4.094885838,4.445835998,4.707162882,4.565804376,6.971247798,7.385651425,6.620871924,5.60110243,5.366613504,0.017960026,0.019499281,0.020645451,0.020025458,0.030575648,0.032393208,0.029038912,0.024566239,0.29,,,,,,,,,45.55547112,0.134806494,0.252095071,0.331292471,0.259849546,0.331417439,0.262420923,0.348874576,0.273595979,#NAME?,0.033862361,0.033862361,0.033862361,0.033862361,0.046436866,0.046436866,0.046436866,0.046436866,0.040799024,100,0.015068135,0.013643732,0.012728594,0.014298337,0.02410572,0.02573389,0.026057292,0.024149552,nan,150,0.019178353,0.017040919,0.016665845,0.019498445,0.032043946,0.031120118,0.033797294,0.025351377,0.023111331,250,0.022835999,0.025467856,0.02801496,0.025071116,0.037946055,0.039431035,0.036044433,0.030131819,0.029610342,350,0.029414749,0.034878836,0.03118591,0.028290386,0.036362474,0.036594553,0.032121888,0.026484517,0.030244133
RL,BootAvg,,,,,,,,,,,,60.8975985,,,,,,,,,,,,,,,,,,195.559917,,,,,,,,,#NAME?,,,,,,,,,0.19388625,100,,,,,,,,,nan,150,,,,,,,,,0.269766183,250,,,,,,,,,0.3124876,350,,,,,,,,,0.314837168
RL,BootLower,,,,,,,,,,,,58.71954098,,,,,,,,,,,,,,,,,,176.1431397,,,,,,,,,#NAME?,,,,,,,,0.019920925,0.173965325,100,,,,,,,,,nan,150,,,,,,,,0.009418439,0.260347744,250,,,,,,,,0.012166318,0.300321282,350,,,,,,,,0.012322569,0.302514599
RL,BootUpper,,,,,,,,,,,,63.38778028,,,,,,,,,,,,,,,,,,216.1436143,,,,,,,,,#NAME?,,,,,,,,0.015628288,0.209514538,100,,,,,,,,,nan,150,,,,,,,,0.010825798,0.280591981,250,,,,,,,,0.014103583,0.326591184,350,,,,,,,,0.01403504,0.328872208
,,,,,,,,,,,,,,,,,,,,,,,,,,,,,,,,,,,,,,,,,,,,,,,,,,,,,,,,,,,,,,,,,,,,,,,,,,,,,,,,,,,,,,,,,
RSU,D0601,105,333,228,21.35930937,21.74389804,22.30591358,19.31894349,,,,,21.18201612,0.093681181,0.095367974,0.097832954,0.084732208,,,,,0.11,206.4554707,211.8361582,187.3510507,223.852187,,,,,207.3737167,0.309654166,0.241065437,0.136776047,0.304982715,1,1,1,1,#NAME?,0.03891,0.03891,0.03891,0.03891,,,,,0.03891,100,0.04676098,0.051493846,0.0511936,0.048463704,,,,,0.049478033,150,0.0769075,0.091621429,0.09099561,0.080364615,,,,,0.084972288,250,0.122223571,0.117934727,0.124931765,0.111462128,,,,,0.119138048,350,0.122906842,0.118220952,0.121217692,0.1098328,,,,,0.118044572
RSU,D0603,105,333,228,22.0261399,22.02715621,19.69949897,23.59873495,,,,,21.83788251,0.096605877,0.096610334,0.086401311,0.103503223,,,,,0.11,202.0787359,211.6726695,211.6268657,187.2662975,,,,,203.1611422,0.245963731,0.184117252,0.158085975,0.205354011,1,1,1,1,#NAME?,0.03422,0.03422,0.03422,0.03422,,,,,0.03422,100,0.045400357,0.043565968,0.045027759,0.045400357,,,,,0.04484861,150,0.080975821,0.074630408,0.081097353,0.082581667,,,,,0.079821312,250,0.12566,0.129735091,0.114811379,0.13407806,,,,,0.126071132,350,0.135354211,0.144233529,0.114129821,0.141618302,,,,,0.133833966
RSU,D0605,105,333,228,24.89226394,21.7146929,22.74992577,25.35950578,,,,,23.6790971,0.109176596,0.095239881,0.099780376,0.111225903,,,,,0.11,166.8652246,186.6989752,194.4052758,164.4129014,,,,,178.0955943,0.21914695,0.20019677,0.205702611,0.189861747,1,1,1,1,#NAME?,0.04917,0.04917,0.04917,0.04917,,,,,0.04917,100,0.061554167,0.058907778,0.058784231,0.063073333,,,,,0.060579877,150,0.103242667,0.091712979,0.090296,0.10243,,,,,0.096920411,250,0.140224324,0.128244,0.12891,0.146308,,,,,0.135921581,350,0.143588333,0.12557,0.137451818,0.146102449,,,,,0.13817815
RSU,D0608,105,333,228,23.56096153,24.70150678,20.71784034,23.8777579,,,,,23.21451664,0.103337551,0.108339942,0.090867721,0.104727008,,,,,0.11,183.0689895,175.5524765,237.5848353,172.2130122,,,,,192.1048284,0.23861068,0.139311502,0.2868136,0.227117219,1,1,1,1,#NAME?,0.0403,0.0403,0.0403,0.0403,,,,,0.0403,100,0.050403333,0.050403333,0.048799,0.052406452,,,,,0.05050303,150,0.085454828,0.08790434,0.073290526,0.092679268,,,,,0.08483224,250,0.133824063,0.141111111,0.116443871,0.131615143,,,,,0.130748547,350,0.13551375,0.134459333,0.128434,0.132463276,,,,,0.13271759
RSU,D0614,105,333,228,31.1815622,29.43656955,28.62804179,29.65950939,,,,,29.72642073,0.136761238,0.129107761,0.125561587,0.130085568,,,,,0.11,150.3317536,158.5327696,158.5327696,153.647508,,,,,155.2612002,0.180082477,0.111397657,0.204033604,0.174214648,1,1,1,1,#NAME?,0.04255,0.04255,0.04255,0.04255,,,,,0.04255,100,0.060827321,0.060827321,0.060827321,0.060827321,,,,,0.060827321,150,0.109662069,0.104618667,0.104618667,0.10702459,,,,,0.106480998,250,0.179636885,0.167978966,0.15733907,0.161866667,,,,,0.166705397,350,0.176386,0.17685875,0.178318947,0.175820435,,,,,0.176846033
RSU,D0615,105,333,228,19.56693288,20.78295239,19.73881839,22.08759886,,,,,20.54407563,0.085819881,0.0911533,0.086573765,0.096875434,,,,,0.11,246.3562387,210.9170732,227.5048544,204.9007902,,,,,222.4197391,0.568639144,0.266347704,0.260119218,0.363610979,1,1,1,1,#NAME?,0.03684,0.03684,0.03684,0.03684,,,,,0.03684,100,0.045816667,0.049389811,0.047375636,0.047464,,,,,0.047511529,150,0.072994651,0.089438286,0.082582143,0.08275225,,,,,0.081941832,250,0.1110075,0.116110714,0.114517021,0.129799844,,,,,0.11785877,350,0.117175789,0.109153111,0.1025,0.130146304,,,,,0.114743801
RSU,D0616,105,333,228,25.16192167,24.13601869,25.19831938,18.99035664,,,,,23.3716541,0.110359306,0.105859731,0.110518945,0.083291038,,,,,0.11,168.4514107,198.441027,168.4514107,265.1709677,,,,,200.128704,0.22073553,0.198293642,0.105781053,0.315905971,1,1,1,1,#NAME?,0.03616,0.03616,0.03616,0.03616,,,,,0.03616,100,0.049442807,0.045347344,0.049442807,0.0439925,,,,,0.047056364,150,0.098228,0.080683281,0.098228,0.07150931,,,,,0.087162148,250,0.143534231,0.139564912,0.143865645,0.108728919,,,,,0.133923427,350,0.148049091,0.150326444,0.145594143,0.133036,,,,,0.14425142
RSU,D0617,105,333,228,20.99590825,23.33089265,19.39970862,23.34806622,,,,,21.76864393,0.092087317,0.102328477,0.085086441,0.102403799,,,,,0.11,188.7048151,183.7532468,270.9754098,173.7176117,,,,,204.2877708,0.381157077,0.27341563,0.432098946,0.356447319,1,1,1,1,#NAME?,0.00712,0.00712,0.00712,0.00712,,,,,0.00712,100,0.04076875,0.046171667,0.0483472,0.052792667,,,,,0.047020071,150,0.086667143,0.083346538,0.07444375,0.094559333,,,,,0.084754191,250,0.1225472,0.14184,0.10592,0.135263958,,,,,0.12639279,350,0.121984333,0.128641579,0.134337719,0.127702581,,,,,0.128166553
RSU,D0620,105,333,228,23.86947266,19.84664963,22.21659303,21.53286783,,,,,21.86639579,0.10469067,0.087046709,0.097441198,0.094442403,,,,,0.11,183.4681583,268.9604191,183.2714976,198.9783643,,,,,208.6696098,0.239268567,0.215685839,0.20801637,0.320746718,1,1,1,1,#NAME?,0.05008,0.05008,0.05008,0.05008,,,,,0.05008,100,0.060305,0.057397,0.057488966,0.054116923,,,,,0.057326972,150,0.096589655,0.08415,0.0884775,0.07934381,,,,,0.087140241,250,0.13616,0.106298409,0.124446667,0.12493069,,,,,0.122958941,350,0.137168824,0.112600462,0.12107,0.123107647,,,,,0.123486733
RSU,D0624,105,333,228,31.1941869,28.84412997,29.62751208,28.50234564,,,,,29.54204365,0.136816609,0.126509342,0.129945228,0.125010288,,,,,0.11,154.170672,162.3068842,152.9294678,154.3698163,,,,,155.9442101,0.21869353,0.10517487,0.111181683,0.190028536,1,1,1,1,#NAME?,0.04844,0.04844,0.04844,0.04844,,,,,0.04844,100,0.058475385,0.058605833,0.059280612,0.059280612,,,,,0.058910611,150,0.105859714,0.100667627,0.107396154,0.10645766,,,,,0.105095289,250,0.184937727,0.165775147,0.177964286,0.169953333,,,,,0.174657623,350,0.192790612,0.187882453,0.175770638,0.182166154,,,,,0.184652464
RSU,D0627,105,333,228,,,,,24.09724746,21.37833808,23.29979927,22.03570781,22.70277315,,,,,0.105689682,0.093764641,0.102192102,0.096647841,0.11,,,,,187.0636943,201.7376831,190.4671623,189.9644103,192.3082375,1,1,1,1,0.430576532,0.279596436,0.448597796,0.235734272,#NAME?,,,,,0.00324,0.00324,0.00324,0.00324,0.00324,100,,,,,0.063309,0.042322264,0.046182326,0.0493975,0.050302772,150,,,,,0.092677037,0.077701538,0.085183774,0.080378103,0.083985113,250,,,,,0.13495,0.125785303,0.131541538,0.132433607,0.131177612,350,,,,,0.130959231,0.129225714,0.135538689,0.126689615,0.130603312
RSU,D0628,105,333,228,,,,,22.55114553,20.08298947,23.04828844,22.67432541,22.08918721,,,,,0.098908533,0.088083287,0.101088984,0.099448796,0.11,,,,,222.4081886,247.5279927,190.5636614,208.5006878,217.2501326,1,1,1,1,0.29723592,0.248306608,0.162359889,0.236843679,#NAME?,,,,,0.04395,0.04395,0.04395,0.04395,0.04395,100,,,,,,,,,nan,150,,,,,0.079863158,0.066855902,0.083524038,0.079190625,0.077358431,250,,,,,0.122870769,0.111131458,0.130188,0.126921915,0.122778036,350,,,,,0.143044468,0.143996491,0.140398246,0.140478605,0.141979452
RSU,D0629,105,333,228,,,,,18.88574846,20.00978318,18.43794486,19.04534812,19.09470616,,,,,0.08283223,0.087762207,0.080868179,0.083532229,0.11,,,,,,215.0384342,,272.1658031,243.6021186,1,1,1,1,1,0.22641639,1,0.414735655,#NAME?,,,,,0.03568,0.03568,0.03568,0.03568,0.03568,100,,,,,0.039963462,0.0409075,0.039458,0.040452963,0.040195481,150,,,,,0.072188966,0.077964524,0.068031905,0.075755532,0.073485232,250,,,,,0.105098293,0.111286875,0.107645,0.107083182,0.107778337,350,,,,,0.106494364,0.115685217,0.104604444,0.113695313,0.110119834
RSU,D0630,105,333,228,,,,,24.08059345,25.62869422,28.08745603,22.45744716,25.06354772,,,,,0.105616638,0.112406554,0.123190597,0.098497575,0.11,,,,,177.036379,162.4994598,154.1955566,187.1478559,170.2198128,1,1,1,1,0.248846714,0.168971265,0.141125332,0.151302,#NAME?,,,,,0.04033,0.04033,0.04033,0.04033,0.04033,100,,,,,0.0563748,0.058430179,0.064912941,0.0501096,0.05745688,150,,,,,0.091201765,0.099152813,0.106762679,0.089947037,0.096766073,250,,,,,0.135423404,0.142097742,0.16148907,0.130873538,0.142470939,350,,,,,0.14538,0.14802931,0.162110408,0.135671053,0.147797693
RSU,D0631,105,333,228,,,,,28.50577568,25.71155452,27.54873342,24.38876349,26.53870678,,,,,0.125025332,0.112769976,0.120827778,0.106968261,0.11,,,,,147.8720552,162.7218161,158.6024827,153.2367379,155.608273,1,1,1,1,0.131876773,0.123507134,0.124300146,0.144970529,#NAME?,,,,,0.05332,0.05332,0.05332,0.05332,0.05332,100,,,,,0.064994286,0.065647273,0.066706,0.0636025,0.065237515,150,,,,,0.111763492,0.102127619,0.104157059,0.10708,0.106282042,250,,,,,0.165480508,0.147401915,0.164024211,0.132814444,0.15243027,350,,,,,0.152371915,0.147619831,0.15838225,0.13797431,0.149087076
RSU,D0640,105,333,228,,,,,22.96425617,25.12858342,23.7494946,25.28569352,24.28200693,,,,,0.100720422,0.110213085,0.10416445,0.110902165,0.11,,,,,206.5312964,180.772242,181.9859504,167.8485482,184.2845092,1,1,1,1,0.258099304,0.199018904,0.170185591,0.118157677,#NAME?,,,,,0.03977,0.03977,0.03977,0.03977,0.03977,100,,,,,0.043763333,0.045168723,0.045274348,0.045168723,0.044843782,150,,,,,0.077041111,0.0883825,0.09157,0.09142587,0.08710487,250,,,,,0.132178182,0.140781739,0.138757674,0.14223931,0.138489226,350,,,,,0.142817925,0.152101111,0.146254468,0.146148909,0.146830603
RSU,D0643,105,333,228,,,,,24.13413746,24.85306185,23.67539157,24.25862664,24.23030438,,,,,0.10585148,0.109004657,0.103839437,0.106397485,0.11,,,,,173.494359,167.8635875,182.2848728,187.5381166,177.795234,1,1,1,1,0.175445777,0.123887391,0.158522068,0.102072285,#NAME?,,,,,0.05308,0.05308,0.05308,0.05308,0.05308,100,,,,,0.055583091,0.055528214,0.054605588,0.054750909,0.055116951,150,,,,,0.097301273,0.096331786,0.083977619,0.082599394,0.090052518,250,,,,,0.137907015,0.146662308,0.142298814,0.144109063,0.1427443,350,,,,,0.143818,0.134182174,0.142791333,0.1488305,0.142405502
RSU,D0645,105,333,228,,,,,25.28536734,26.24119843,24.19061711,24.59636721,25.07838752,,,,,0.110900734,0.115092976,0.106099198,0.107878804,0.11,,,,,175.2986767,170.9331777,178.3505468,170.9331777,173.8788947,1,1,1,1,0.184925064,0.146452164,0.156020479,0.095337487,#NAME?,,,,,0.04871,0.04871,0.04871,0.04871,0.04871,100,,,,,0.050431569,0.050599778,0.050599778,0.050599778,0.050557725,150,,,,,0.09327125,0.095933725,0.094946774,0.095933725,0.095021369,250,,,,,0.149584643,0.150669362,0.13986,0.138404878,0.144629721,350,,,,,0.146754231,0.155735246,0.137215882,0.14930339,0.147252187
RSU,D0647,105,333,228,,,,,35.57332022,37.5610888,35.24682423,30.70823655,34.77236745,,,,,0.156023334,0.164741618,0.154591334,0.134685248,0.11,,,,,130.3252736,126.578442,126.6386878,152.3323371,133.9686851,1,1,1,1,0.153413567,0.069328837,0.072701446,0.133711668,#NAME?,,,,,0.05569,0.05569,0.05569,0.05569,0.05569,100,,,,,0.075345122,0.077619434,0.07599,0.073887143,0.075710425,150,,,,,0.135623191,0.134257561,0.141601042,0.1090245,0.130126574,250,,,,,0.199360667,0.215510175,0.21070875,0.176099655,0.200419812,350,,,,,0.226091111,0.224896129,0.190777143,0.183541552,0.206326484
RSU,D0650,105,333,228,,,,,15.90794339,17.63055031,17.43507394,20.33030477,17.8259681,,,,,0.069771682,0.077326975,0.076469623,0.089168003,0.11,,,,,,462.0816327,,228.6967776,345.3892051,1,1,1,1,1,0.697873826,1,0.337618125,#NAME?,,,,,0.03725,0.03725,0.03725,0.03725,0.03725,100,,,,,0.040120313,0.040120313,0.040120313,0.040120313,0.040120313,150,,,,,0.068823438,0.068823438,0.068823438,0.068823438,0.068823438,250,,,,,0.08474,0.10299,0.096767143,0.11823,0.100681786,350,,,,,0.097386,0.1069175,0.101485789,0.128382973,0.108543066
RSU,AVG,105,333,228,24.38086593,23.65644668,23.0282172,23.62756867,24.19855352,24.42258423,24.47196235,23.57808207,23.92053508,0.106933623,0.103756345,0.101000953,0.103629687,0.106134007,0.107116597,0.107333168,0.103412641,0.11,,,,,,,,,196.0875809,0.282195185,0.19350063,0.210860911,0.264826986,0.388041965,0.228335895,0.343381275,0.197048338,#NAME?,0.038379,0.038379,0.038379,0.038379,0.041102,0.041102,0.041102,0.041102,0.0397405,100,0.051975477,0.05221099,0.052656713,0.052781787,0.054431664,0.052927075,0.053761033,0.052009937,nan,150,0.091658205,0.088877355,0.08914257,0.08997025,0.091975468,0.090753141,0.092857833,0.088015822,0.090406331,250,0.13997555,0.135459308,0.13091497,0.135400674,0.136759348,0.139431688,0.14232802,0.134920959,0.136898815,350,0.143091779,0.138794661,0.135882478,0.140199595,0.143511724,0.145838872,0.141955865,0.141071622,0.141293325
RSU,STD,0,0,0,3.791867393,3.075782243,3.482533553,3.318375781,5.003444096,5.229068814,4.787479321,3.024194789,3.814545713,0.016630997,0.013490273,0.01527427,0.01455428,0.02194493,0.022934512,0.020997716,0.013264012,0.11,,,,,,,,,42.93885067,0.109482624,0.056641289,0.092991536,0.070629581,0.31661101,0.167858994,0.341698826,0.102290541,#NAME?,0.011737406,0.011737406,0.011737406,0.011737406,0.014323728,0.014323728,0.014323728,0.014323728,0.013165167,100,0.0072427,0.005974423,0.005509505,0.006272692,0.011434879,0.011995924,0.01209627,0.010299225,nan,150,0.012128152,0.008524598,0.011115582,0.011827998,0.019039666,0.018820283,0.020302187,0.012518297,0.013564941,250,0.023070993,0.019190505,0.021268823,0.018587171,0.029727107,0.030242706,0.030124853,0.01729255,0.022646367,350,0.022978845,0.025111464,0.023597877,0.021562888,0.032508596,0.030388418,0.024855089,0.017646114,0.024067924
RSU,BootAvg,,,,,,,,,,,,23.88980258,,,,,,,,,,,,,,,,,,195.3552,,,,,,,,,#NAME?,,,,,,,,,0.0399685,100,,,,,,,,,nan,150,,,,,,,,,0.090248307,250,,,,,,,,,0.136717169,350,,,,,,,,,0.141046814
RSU,BootLower,,,,,,,,,,,,22.37852508,,,,,,,,,,,,,,,,,,179.497112,,,,,,,,,#NAME?,,,,,,,,0.0065163,0.0334522,100,,,,,,,,,nan,150,,,,,,,,0.005444033,0.084804274,250,,,,,,,,0.009014325,0.127702844,350,,,,,,,,0.009627533,0.131419282
RSU,BootUpper,,,,,,,,,,,,25.67581622,,,,,,,,,,,,,,,,,,216.4210432,,,,,,,,,#NAME?,,,,,,,,0.00511505,0.04508355,100,,,,,,,,,nan,150,,,,,,,,0.006477453,0.096725761,250,,,,,,,,0.010620953,0.147338122,350,,,,,,,,0.01148532,0.152532134
,,,,,,,,,,,,,,,,,,,,,,,,,,,,,,,,,,,,,,,,,,,,,,,,,,,,,,,,,,,,,,,,,,,,,,,,,,,,,,,,,,,,,,,,,
litepyramid,D0601,105,333,228,-228,-228,-228,-228,,,,,-228,-1,-1,-1,-1,,,,,0.5,,,,,,,,,nan,1,1,1,1,1,1,1,1,#NAME?,-1,-1,-1,-1,,,,,-1,100,-1,-1,-1,-1,,,,,-1,150,-1,-1,-1,-1,,,,,-1,250,-1,-1,-1,-1,,,,,-1,350,-1,-1,-1,-1,,,,,-1
litepyramid,D0603,105,333,228,-228,-228,-228,-228,,,,,-228,-1,-1,-1,-1,,,,,0.5,,,,,,,,,nan,1,1,1,1,1,1,1,1,#NAME?,-1,-1,-1,-1,,,,,-1,100,-1,-1,-1,-1,,,,,-1,150,-1,-1,-1,-1,,,,,-1,250,-1,-1,-1,-1,,,,,-1,350,-1,-1,-1,-1,,,,,-1
litepyramid,D0605,105,333,228,-228,-228,-228,-228,,,,,-228,-1,-1,-1,-1,,,,,0.5,,,,,,,,,nan,1,1,1,1,1,1,1,1,#NAME?,-1,-1,-1,-1,,,,,-1,100,-1,-1,-1,-1,,,,,-1,150,-1,-1,-1,-1,,,,,-1,250,-1,-1,-1,-1,,,,,-1,350,-1,-1,-1,-1,,,,,-1
litepyramid,D0608,105,333,228,-228,-228,-228,-228,,,,,-228,-1,-1,-1,-1,,,,,0.5,,,,,,,,,nan,1,1,1,1,1,1,1,1,#NAME?,-1,-1,-1,-1,,,,,-1,100,-1,-1,-1,-1,,,,,-1,150,-1,-1,-1,-1,,,,,-1,250,-1,-1,-1,-1,,,,,-1,350,-1,-1,-1,-1,,,,,-1
litepyramid,D0614,105,333,228,-228,-228,-228,-228,,,,,-228,-1,-1,-1,-1,,,,,0.5,,,,,,,,,nan,1,1,1,1,1,1,1,1,#NAME?,-1,-1,-1,-1,,,,,-1,100,-1,-1,-1,-1,,,,,-1,150,-1,-1,-1,-1,,,,,-1,250,-1,-1,-1,-1,,,,,-1,350,-1,-1,-1,-1,,,,,-1
litepyramid,D0615,105,333,228,-228,-228,-228,-228,,,,,-228,-1,-1,-1,-1,,,,,0.5,,,,,,,,,nan,1,1,1,1,1,1,1,1,#NAME?,-1,-1,-1,-1,,,,,-1,100,-1,-1,-1,-1,,,,,-1,150,-1,-1,-1,-1,,,,,-1,250,-1,-1,-1,-1,,,,,-1,350,-1,-1,-1,-1,,,,,-1
litepyramid,D0616,105,333,228,-228,-228,-228,-228,,,,,-228,-1,-1,-1,-1,,,,,0.5,,,,,,,,,nan,1,1,1,1,1,1,1,1,#NAME?,-1,-1,-1,-1,,,,,-1,100,-1,-1,-1,-1,,,,,-1,150,-1,-1,-1,-1,,,,,-1,250,-1,-1,-1,-1,,,,,-1,350,-1,-1,-1,-1,,,,,-1
litepyramid,D0617,105,333,228,-228,-228,-228,-228,,,,,-228,-1,-1,-1,-1,,,,,0.5,,,,,,,,,nan,1,1,1,1,1,1,1,1,#NAME?,-1,-1,-1,-1,,,,,-1,100,-1,-1,-1,-1,,,,,-1,150,-1,-1,-1,-1,,,,,-1,250,-1,-1,-1,-1,,,,,-1,350,-1,-1,-1,-1,,,,,-1
litepyramid,D0620,105,333,228,-228,-228,-228,-228,,,,,-228,-1,-1,-1,-1,,,,,0.5,,,,,,,,,nan,1,1,1,1,1,1,1,1,#NAME?,-1,-1,-1,-1,,,,,-1,100,-1,-1,-1,-1,,,,,-1,150,-1,-1,-1,-1,,,,,-1,250,-1,-1,-1,-1,,,,,-1,350,-1,-1,-1,-1,,,,,-1
litepyramid,D0624,105,333,228,-228,-228,-228,-228,,,,,-228,-1,-1,-1,-1,,,,,0.5,,,,,,,,,nan,1,1,1,1,1,1,1,1,#NAME?,-1,-1,-1,-1,,,,,-1,100,-1,-1,-1,-1,,,,,-1,150,-1,-1,-1,-1,,,,,-1,250,-1,-1,-1,-1,,,,,-1,350,-1,-1,-1,-1,,,,,-1
litepyramid,D0627,105,333,228,,,,,-228,-228,-228,-228,-228,,,,,-1,-1,-1,-1,0.5,,,,,,,,,nan,1,1,1,1,1,1,1,1,#NAME?,,,,,-1,-1,-1,-1,-1,100,,,,,-1,-1,-1,-1,-1,150,,,,,-1,-1,-1,-1,-1,250,,,,,-1,-1,-1,-1,-1,350,,,,,-1,-1,-1,-1,-1
litepyramid,D0628,105,333,228,,,,,-228,-228,-228,-228,-228,,,,,-1,-1,-1,-1,0.5,,,,,,,,,nan,1,1,1,1,1,1,1,1,#NAME?,,,,,-1,-1,-1,-1,-1,100,,,,,,,,,nan,150,,,,,-1,-1,-1,-1,-1,250,,,,,-1,-1,-1,-1,-1,350,,,,,-1,-1,-1,-1,-1
litepyramid,D0629,105,333,228,,,,,-228,-228,-228,-228,-228,,,,,-1,-1,-1,-1,0.5,,,,,,,,,nan,1,1,1,1,1,1,1,1,#NAME?,,,,,-1,-1,-1,-1,-1,100,,,,,-1,-1,-1,-1,-1,150,,,,,-1,-1,-1,-1,-1,250,,,,,-1,-1,-1,-1,-1,350,,,,,-1,-1,-1,-1,-1
litepyramid,D0630,105,333,228,,,,,-228,-228,-228,-228,-228,,,,,-1,-1,-1,-1,0.5,,,,,,,,,nan,1,1,1,1,1,1,1,1,#NAME?,,,,,-1,-1,-1,-1,-1,100,,,,,-1,-1,-1,-1,-1,150,,,,,-1,-1,-1,-1,-1,250,,,,,-1,-1,-1,-1,-1,350,,,,,-1,-1,-1,-1,-1
litepyramid,D0631,105,333,228,,,,,-228,-228,-228,-228,-228,,,,,-1,-1,-1,-1,0.5,,,,,,,,,nan,1,1,1,1,1,1,1,1,#NAME?,,,,,-1,-1,-1,-1,-1,100,,,,,-1,-1,-1,-1,-1,150,,,,,-1,-1,-1,-1,-1,250,,,,,-1,-1,-1,-1,-1,350,,,,,-1,-1,-1,-1,-1
litepyramid,D0640,105,333,228,,,,,-228,-228,-228,-228,-228,,,,,-1,-1,-1,-1,0.5,,,,,,,,,nan,1,1,1,1,1,1,1,1,#NAME?,,,,,-1,-1,-1,-1,-1,100,,,,,-1,-1,-1,-1,-1,150,,,,,-1,-1,-1,-1,-1,250,,,,,-1,-1,-1,-1,-1,350,,,,,-1,-1,-1,-1,-1
litepyramid,D0643,105,333,228,,,,,-228,-228,-228,-228,-228,,,,,-1,-1,-1,-1,0.5,,,,,,,,,nan,1,1,1,1,1,1,1,1,#NAME?,,,,,-1,-1,-1,-1,-1,100,,,,,-1,-1,-1,-1,-1,150,,,,,-1,-1,-1,-1,-1,250,,,,,-1,-1,-1,-1,-1,350,,,,,-1,-1,-1,-1,-1
litepyramid,D0645,105,333,228,,,,,-228,-228,-228,-228,-228,,,,,-1,-1,-1,-1,0.5,,,,,,,,,nan,1,1,1,1,1,1,1,1,#NAME?,,,,,-1,-1,-1,-1,-1,100,,,,,-1,-1,-1,-1,-1,150,,,,,-1,-1,-1,-1,-1,250,,,,,-1,-1,-1,-1,-1,350,,,,,-1,-1,-1,-1,-1
litepyramid,D0647,105,333,228,,,,,-228,-228,-228,-228,-228,,,,,-1,-1,-1,-1,0.5,,,,,,,,,nan,1,1,1,1,1,1,1,1,#NAME?,,,,,-1,-1,-1,-1,-1,100,,,,,-1,-1,-1,-1,-1,150,,,,,-1,-1,-1,-1,-1,250,,,,,-1,-1,-1,-1,-1,350,,,,,-1,-1,-1,-1,-1
litepyramid,D0650,105,333,228,,,,,-228,-228,-228,-228,-228,,,,,-1,-1,-1,-1,0.5,,,,,,,,,nan,1,1,1,1,1,1,1,1,#NAME?,,,,,-1,-1,-1,-1,-1,100,,,,,-1,-1,-1,-1,-1,150,,,,,-1,-1,-1,-1,-1,250,,,,,-1,-1,-1,-1,-1,350,,,,,-1,-1,-1,-1,-1
litepyramid,AVG,105,333,228,-228,-228,-228,-228,-228,-228,-228,-228,-228,-1,-1,-1,-1,-1,-1,-1,-1,0.5,,,,,,,,,nan,1,1,1,1,1,1,1,1,#NAME?,-1,-1,-1,-1,-1,-1,-1,-1,-1,100,-1,-1,-1,-1,-1,-1,-1,-1,nan,150,-1,-1,-1,-1,-1,-1,-1,-1,-1,250,-1,-1,-1,-1,-1,-1,-1,-1,-1,350,-1,-1,-1,-1,-1,-1,-1,-1,-1
litepyramid,STD,0,0,0,0,0,0,0,0,0,0,0,0,0,0,0,0,0,0,0,0,0.5,,,,,,,,,nan,0,0,0,0,0,0,0,0,#NAME?,0,0,0,0,0,0,0,0,0,100,0,0,0,0,0,0,0,0,nan,150,0,0,0,0,0,0,0,0,0,250,0,0,0,0,0,0,0,0,0,350,0,0,0,0,0,0,0,0,0
litepyramid,BootAvg,,,,,,,,,,,,-228,,,,,,,,,,,,,,,,,,nan,,,,,,,,,#NAME?,,,,,,,,,-1,100,,,,,,,,,nan,150,,,,,,,,,-1,250,,,,,,,,,-1,350,,,,,,,,,-1
litepyramid,BootLower,,,,,,,,,,,,-228,,,,,,,,,,,,,,,,,,nan,,,,,,,,,#NAME?,,,,,,,,,-1,100,,,,,,,,,nan,150,,,,,,,,,-1,250,,,,,,,,,-1,350,,,,,,,,,-1
litepyramid,BootUpper,,,,,,,,,,,,-228,,,,,,,,,,,,,,,,,,nan,,,,,,,,,#NAME?,,,,,,,,,-1,100,,,,,,,,,nan,150,,,,,,,,,-1,250,,,,,,,,,-1,350,,,,,,,,,-1
,,,,,,,,,,,,,,,,,,,,,,,,,,,,,,,,,,,,,,,,,,,,,,,,,,,,,,,,,,,,,,,,,,,,,,,,,,,,,,,,,,,,,,,,,
,,,,,,,,,,,,,,,,,,,,,,,,,,,,,,,,,,,,,,,,,,,,,,,,,,,,,,,,,,,,,,,,,,,,,,,,,,,,,,,,,,,,,,,,,
metric,topic,num_ratings_per_session_avg,num_ratings_per_session_std,num_ratings_RealSessions_AJQGWGESKQT4Y,num_ratings_RealSessions_A3GWRDHAURRNK6,num_ratings_RealSessions_AVBRJBJONL47I,num_ratings_RealSessions_A1A1ZXUVSV4YR8,num_ratings_RealSessions_A1171IQSWQS0K8,num_ratings_RealSessions_A3K2VSBTT3WUTI,num_ratings_RealSessions_A1ZB2NY0F9QNP0,num_ratings_RealSessions_A17TKHT8FEVH0R,initial_rating_avg,initial_rating_std,initial_rating_RealSessions_AJQGWGESKQT4Y,initial_rating_RealSessions_A3GWRDHAURRNK6,initial_rating_RealSessions_AVBRJBJONL47I,initial_rating_RealSessions_A1A1ZXUVSV4YR8,initial_rating_RealSessions_A1171IQSWQS0K8,initial_rating_RealSessions_A3K2VSBTT3WUTI,initial_rating_RealSessions_A1ZB2NY0F9QNP0,initial_rating_RealSessions_A17TKHT8FEVH0R,response_rating_avg,response_rating_std,response_rating_avg_RealSessions_AJQGWGESKQT4Y,response_rating_avg_RealSessions_A3GWRDHAURRNK6,response_rating_avg_RealSessions_AVBRJBJONL47I,response_rating_avg_RealSessions_A1A1ZXUVSV4YR8,response_rating_avg_RealSessions_A1171IQSWQS0K8,response_rating_avg_RealSessions_A3K2VSBTT3WUTI,response_rating_avg_RealSessions_A1ZB2NY0F9QNP0,response_rating_avg_RealSessions_A17TKHT8FEVH0R,response_rating_std_RealSessions_AJQGWGESKQT4Y,response_rating_std_RealSessions_A3GWRDHAURRNK6,response_rating_std_RealSessions_AVBRJBJONL47I,response_rating_std_RealSessions_A1A1ZXUVSV4YR8,response_rating_std_RealSessions_A1171IQSWQS0K8,response_rating_std_RealSessions_A3K2VSBTT3WUTI,response_rating_std_RealSessions_A1ZB2NY0F9QNP0,response_rating_std_RealSessions_A17TKHT8FEVH0R,total_rating_avg,total_rating_std,total_rating_avg_RealSessions_AJQGWGESKQT4Y,total_rating_avg_RealSessions_A3GWRDHAURRNK6,total_rating_avg_RealSessions_AVBRJBJONL47I,total_rating_avg_RealSessions_A1A1ZXUVSV4YR8,total_rating_avg_RealSessions_A1171IQSWQS0K8,total_rating_avg_RealSessions_A3K2VSBTT3WUTI,total_rating_avg_RealSessions_A1ZB2NY0F9QNP0,total_rating_avg_RealSessions_A17TKHT8FEVH0R,total_rating_std_RealSessions_AJQGWGESKQT4Y,total_rating_std_RealSessions_A3GWRDHAURRNK6,total_rating_std_RealSessions_AVBRJBJONL47I,total_rating_std_RealSessions_A1A1ZXUVSV4YR8,total_rating_std_RealSessions_A1171IQSWQS0K8,total_rating_std_RealSessions_A3K2VSBTT3WUTI,total_rating_std_RealSessions_A1ZB2NY0F9QNP0,total_rating_std_RealSessions_A17TKHT8FEVH0R,,,,,,,,,,,,,,,,,,,,,,,,,,,,,,,,
rating,D0601,11.25,2.487468593,8,11,15,11,,,,,0.85,0.08660254,0.8,0.8,0.8,1,,,,,0.634146341,0.245555375,0.771428571,0.44,0.671428571,0.68,,,,,0.224971654,0.195959179,0.208493136,0.24,,,,,0.653333333,0.243675558,0.775,0.472727273,0.68,0.709090909,,,,,0.210653744,0.213588002,0.203960781,0.246630181,,,,,,,,,,,,,,,,,,,,,,,,,,,,,,,,,,,,
rating,D0603,12.5,2.598076211,10,14,16,10,,,,,0.7,0.1,0.8,0.8,0.6,0.6,,,,,0.717391304,0.214986701,0.911111111,0.676923077,0.653333333,0.688888889,,,,,0.099380799,0.277776463,0.135973854,0.191162784,,,,,0.716,0.208192219,0.9,0.685714286,0.65,0.68,,,,,0.1,0.269542318,0.132287566,0.183303028,,,,,,,,,,,,,,,,,,,,,,,,,,,,,,,,,,,,
rating,D0605,12.25,2.277608395,10,14,15,10,,,,,0.8,0.141421356,1,0.8,0.8,0.6,,,,,0.595555556,0.268291347,0.933333333,0.476923077,0.471428571,0.622222222,,,,,0.133333333,0.254660698,0.178999487,0.198761598,,,,,0.612244898,0.266215083,0.94,0.5,0.493333333,0.62,,,,,0.128062485,0.259119388,0.191369335,0.188679623,,,,,,,,,,,,,,,,,,,,,,,,,,,,,,,,,,,,
rating,D0608,11,1.870828693,10,14,11,9,,,,,0.7,0.173205081,0.8,0.8,0.8,0.4,,,,,0.7,0.223606798,0.844444444,0.553846154,0.7,0.775,,,,,0.125707872,0.224003381,0.184390889,0.210653744,,,,,0.7,0.219503572,0.84,0.571428571,0.709090909,0.733333333,,,,,0.12,0.224971654,0.178144709,0.230940108,,,,,,,,,,,,,,,,,,,,,,,,,,,,,,,,,,,,
rating,D0614,10.25,2.772634127,8,15,9,9,,,,,0.8,0.141421356,1,0.8,0.6,0.8,,,,,0.648648649,0.268752495,0.942857143,0.442857143,0.775,0.625,,,,,0.139970842,0.252740086,0.119895788,0.15612495,,,,,0.663414634,0.262962575,0.95,0.466666667,0.755555556,0.644444444,,,,,0.132287566,0.259914516,0.125707872,0.15713484,,,,,,,,,,,,,,,,,,,,,,,,,,,,,,,,,,,,
rating,D0615,10,2.236067977,7,11,13,9,,,,,0.8,0.141421356,1,0.6,0.8,0.8,,,,,0.622222222,0.224982853,0.766666667,0.56,0.516666667,0.75,,,,,0.137436854,0.215406592,0.207498327,0.193649167,,,,,0.64,0.224499443,0.8,0.563636364,0.538461538,0.755555556,,,,,0.151185789,0.205703791,0.213175484,0.183249139,,,,,,,,,,,,,,,,,,,,,,,,,,,,,,,,,,,,
rating,D0616,12.5,3.201562119,8,12,17,13,,,,,0.8,0.141421356,1,0.8,0.6,0.8,,,,,0.743478261,0.207104441,1,0.727272727,0.75,0.6,,,,,0,0.176279268,0.111803399,0.244948974,,,,,0.748,0.203214173,1,0.733333333,0.741176471,0.615384615,,,,,0,0.169967317,0.114063055,0.241298264,,,,,,,,,,,,,,,,,,,,,,,,,,,,,,,,,,,,
rating,D0617,11.75,1.299038106,10,13,13,11,,,,,0.55,0.16583124,0.8,0.6,0.4,0.4,,,,,0.730232558,0.243553999,0.977777778,0.633333333,0.733333333,0.62,,,,,0.062853936,0.268741925,0.149071198,0.244131112,,,,,0.714893617,0.243186929,0.96,0.630769231,0.707692308,0.6,,,,,0.08,0.258351625,0.168530018,0.241209076,,,,,,,,,,,,,,,,,,,,,,,,,,,,,,,,,,,,
rating,D0620,11.5,3.278719262,9,17,11,9,,,,,0.75,0.16583124,1,0.8,0.6,0.6,,,,,0.680952381,0.239282753,0.85,0.5125,0.78,0.725,,,,,0.132287566,0.25464436,0.166132477,0.139194109,,,,,0.686956522,0.234621523,0.866666667,0.529411765,0.763636364,0.711111111,,,,,0.133333333,0.256135777,0.166639116,0.136986978,,,,,,,,,,,,,,,,,,,,,,,,,,,,,,,,,,,,
rating,D0624,10.75,3.34477204,7,15,13,8,,,,,0.7,0.223606798,1,0.4,0.8,0.6,,,,,0.692307692,0.206788155,0.966666667,0.6,0.666666667,0.685714286,,,,,0.074535599,0.213808994,0.149071198,0.145686272,,,,,0.693023256,0.208421921,0.971428571,0.586666667,0.676923077,0.675,,,,,0.069985421,0.212498366,0.147564047,0.139194109,,,,,,,,,,,,,,,,,,,,,,,,,,,,,,,,,,,,
rating,D0627,12.5,3.774917218,,,,,9,14,9,18,0.35,0.16583124,,,,,0.6,0.2,0.4,0.2,0.713043478,0.227088084,,,,,0.625,0.769230769,0.625,0.752941176,,,,,0.185404962,0.20525637,0.272717803,0.211764706,0.684,0.24360624,,,,,0.622222222,0.728571429,0.6,0.722222222,,,,,0.174977953,0.246195542,0.266666667,0.241650702,,,,,,,,,,,,,,,,,,,,,,,,,,,,,,,,
rating,D0628,11.75,1.785357107,,,,,10,14,13,10,0.95,0.08660254,,,,,1,0.8,1,1,0.655813953,0.263520288,,,,,0.733333333,0.692307692,0.483333333,0.755555556,,,,,0.230940108,0.230255839,0.222984803,0.279329002,0.680851064,0.266289155,,,,,0.76,0.7,0.523076923,0.78,,,,,0.233238076,0.223606798,0.254660698,0.274954542,,,,,,,,,,,,,,,,,,,,,,,,,,,,,,,,
rating,D0629,12.5,1.802775638,,,,,10,13,15,12,0.75,0.08660254,,,,,0.8,0.6,0.8,0.8,0.586956522,0.265074801,,,,,0.4,0.533333333,0.628571429,0.745454545,,,,,0.249443826,0.205480467,0.23733211,0.257129739,0.6,0.259229628,,,,,0.44,0.538461538,0.64,0.75,,,,,0.265329983,0.198216903,0.233238076,0.246644143,,,,,,,,,,,,,,,,,,,,,,,,,,,,,,,,
rating,D0630,12.5,2.5,,,,,9,12,13,16,0.8,0.141421356,,,,,0.8,0.8,0.6,1,0.643478261,0.29462738,,,,,0.525,0.618181818,0.533333333,0.813333333,,,,,0.298956519,0.288627416,0.23570226,0.257854395,0.656,0.288555021,,,,,0.555555556,0.633333333,0.538461538,0.825,,,,,0.294811092,0.280871659,0.227151124,0.253722289,,,,,,,,,,,,,,,,,,,,,,,,,,,,,,,,
rating,D0631,12.25,1.785357107,,,,,10,14,14,11,0.8,0.141421356,,,,,0.6,0.8,0.8,1,0.644444444,0.256086405,,,,,0.466666667,0.723076923,0.553846154,0.82,,,,,0.249443826,0.147564047,0.237342286,0.244131112,0.657142857,0.252336025,,,,,0.48,0.728571429,0.571428571,0.836363636,,,,,0.24,0.143569652,0.23733211,0.23845231,,,,,,,,,,,,,,,,,,,,,,,,,,,,,,,,
rating,D0640,12.75,2.947456531,,,,,10,10,14,17,0.75,0.16583124,,,,,0.8,0.6,0.6,1,0.689361702,0.30263667,,,,,0.466666667,0.955555556,0.569230769,0.7625,,,,,0.210818511,0.083147942,0.312273587,0.275850956,0.694117647,0.294666155,,,,,0.5,0.92,0.571428571,0.776470588,,,,,0.223606798,0.132664992,0.301018679,0.27338706,,,,,,,,,,,,,,,,,,,,,,,,,,,,,,,,
rating,D0643,13.5,2.872281323,,,,,10,13,13,18,0.75,0.217944947,,,,,0.8,0.8,0.4,1,0.716,0.277387815,,,,,0.466666667,0.816666667,0.516666667,0.917647059,,,,,0.249443826,0.172401341,0.237463447,0.154292671,0.718518519,0.273573116,,,,,0.5,0.815384615,0.507692308,0.922222222,,,,,0.256904652,0.165697379,0.230255839,0.15112745,,,,,,,,,,,,,,,,,,,,,,,,,,,,,,,,
rating,D0645,12.5,2.692582404,,,,,10,11,12,17,0.65,0.295803989,,,,,0.8,0.2,0.6,1,0.752173913,0.254301371,,,,,0.888888889,0.5,0.672727273,0.8875,,,,,0.136986978,0.184390889,0.195824175,0.234187425,0.744,0.259353041,,,,,0.88,0.472727273,0.666666667,0.894117647,,,,,0.132664992,0.195824175,0.188561808,0.228732025,,,,,,,,,,,,,,,,,,,,,,,,,,,,,,,,
rating,D0647,12.75,2.277608395,,,,,9,14,15,13,0.9,0.1,,,,,0.8,0.8,1,1,0.621276596,0.280528506,,,,,0.75,0.630769231,0.514285714,0.65,,,,,0.259807621,0.189674277,0.279941685,0.327871926,0.643137255,0.28093325,,,,,0.755555556,0.642857143,0.546666667,0.676923077,,,,,0.245452467,0.187899235,0.296348144,0.328525485,,,,,,,,,,,,,,,,,,,,,,,,,,,,,,,,
rating,D0650,11,1.224744871,,,,,10,13,11,10,0.7,0.1,,,,,0.8,0.6,0.8,0.6,0.59,0.218860686,,,,,0.466666667,0.583333333,0.66,0.644444444,,,,,0.266666667,0.190758719,0.156204994,0.206080411,0.6,0.213200716,,,,,0.5,0.584615385,0.672727273,0.64,,,,,0.27202941,0.183328851,0.154277843,0.195959179,,,,,,,,,,,,,,,,,,,,,,,,,,,,,,,,
rating,AVG,11.8875,2.697191827,8.7,13.6,13.3,9.9,9.7,12.8,12.9,14.2,0.7425,0.20048379,0.92,0.72,0.68,0.66,0.78,0.62,0.7,0.86,0.670034443,0.256819501,0.898701299,0.56031746,0.66504065,0.671910112,0.577011494,0.679661017,0.571428571,0.786363636,0.14637925,0.254508354,0.191690698,0.212522974,0.283533188,0.233092446,0.251764481,0.259595468,0.676130389,0.253364655,0.901149425,0.572058824,0.666165414,0.670707071,0.597938144,0.675,0.581395349,0.791549296,0.141822499,0.251083293,0.187939847,0.209497969,0.277685345,0.233184476,0.250818023,0.259873468,,,,,,,,,,,,,,,,,,,,,,,,,,,,,,,,
,,,,,,,,,,,,,,,,,,,,,,,,,,,,,,,,,,,,,,,,,,,,,,,,,,,,,,,,,,,,,,,,,,,,,,,,,,,,,,,,,,,,,,,,,
metric,topic,numSessionsWithRating,r1_rating_avg,r1_rating_std,r1_rating_RealSessions_AJQGWGESKQT4Y,r1_rating_RealSessions_A3GWRDHAURRNK6,r1_rating_RealSessions_AVBRJBJONL47I,r1_rating_RealSessions_A1A1ZXUVSV4YR8,r1_rating_RealSessions_A1171IQSWQS0K8,r1_rating_RealSessions_A3K2VSBTT3WUTI,r1_rating_RealSessions_A1ZB2NY0F9QNP0,r1_rating_RealSessions_A17TKHT8FEVH0R,r2_rating_avg,r2_rating_std,r2_rating_RealSessions_AJQGWGESKQT4Y,r2_rating_RealSessions_A3GWRDHAURRNK6,r2_rating_RealSessions_AVBRJBJONL47I,r2_rating_RealSessions_A1A1ZXUVSV4YR8,r2_rating_RealSessions_A1171IQSWQS0K8,r2_rating_RealSessions_A3K2VSBTT3WUTI,r2_rating_RealSessions_A1ZB2NY0F9QNP0,r2_rating_RealSessions_A17TKHT8FEVH0R,umuxLiteScore_avg,umuxLiteScore_std,umuxLiteScore_RealSessions_AJQGWGESKQT4Y,umuxLiteScore_RealSessions_A3GWRDHAURRNK6,umuxLiteScore_RealSessions_AVBRJBJONL47I,umuxLiteScore_RealSessions_A1A1ZXUVSV4YR8,umuxLiteScore_RealSessions_A1171IQSWQS0K8,umuxLiteScore_RealSessions_A3K2VSBTT3WUTI,umuxLiteScore_RealSessions_A1ZB2NY0F9QNP0,umuxLiteScore_RealSessions_A17TKHT8FEVH0R,r3_rating_avg,r3_rating_std,r3_rating_RealSessions_AJQGWGESKQT4Y,r3_rating_RealSessions_A3GWRDHAURRNK6,r3_rating_RealSessions_AVBRJBJONL47I,r3_rating_RealSessions_A1A1ZXUVSV4YR8,r3_rating_RealSessions_A1171IQSWQS0K8,r3_rating_RealSessions_A3K2VSBTT3WUTI,r3_rating_RealSessions_A1ZB2NY0F9QNP0,r3_rating_RealSessions_A17TKHT8FEVH0R,,,,,,,,,,,,,,,,,,,,,,,,,,,,,,,,,,,,,,,,,,,,,,,
rating,D0601,4,4,0.707106781,5,3,4,4,,,,,4.25,0.829156198,5,5,3,4,,,,,73.68125,8.854013479,87.9,71.65,63.525,71.65,,,,,4,1.224744871,5,2,4,5,,,,,,,,,,,,,,,,,,,,,,,,,,,,,,,,,,,,,,,,,,,,,,,,,,,
rating,D0603,4,4.25,0.829156198,5,5,4,3,,,,,4.5,0.866025404,5,5,5,3,,,,,77.74375,13.319797,87.9,87.9,79.775,55.4,,,,,3.75,1.089724736,5,4,4,2,,,,,,,,,,,,,,,,,,,,,,,,,,,,,,,,,,,,,,,,,,,,,,,,,,,
rating,D0605,4,3.5,0.5,4,4,3,3,,,,,4.5,0.5,5,5,4,4,,,,,71.65,8.125,79.775,79.775,63.525,63.525,,,,,3.25,1.089724736,5,2,3,3,,,,,,,,,,,,,,,,,,,,,,,,,,,,,,,,,,,,,,,,,,,,,,,,,,,
rating,D0608,4,4,0.707106781,5,4,4,3,,,,,4.75,0.433012702,5,5,5,4,,,,,77.74375,8.854013479,87.9,79.775,79.775,63.525,,,,,4,0,4,4,4,4,,,,,,,,,,,,,,,,,,,,,,,,,,,,,,,,,,,,,,,,,,,,,,,,,,,
rating,D0614,4,3.75,0.829156198,5,3,4,3,,,,,4.5,0.866025404,5,5,5,3,,,,,73.68125,12.01703706,87.9,71.65,79.775,55.4,,,,,3.75,1.089724736,5,2,4,4,,,,,,,,,,,,,,,,,,,,,,,,,,,,,,,,,,,,,,,,,,,,,,,,,,,
rating,D0615,4,3.75,0.829156198,5,3,3,4,,,,,4.25,0.829156198,5,5,4,3,,,,,71.65,9.95105208,87.9,71.65,63.525,63.525,,,,,4,0.707106781,5,3,4,4,,,,,,,,,,,,,,,,,,,,,,,,,,,,,,,,,,,,,,,,,,,,,,,,,,,
rating,D0616,4,3.75,0.829156198,5,4,3,3,,,,,4.25,0.829156198,5,5,4,3,,,,,71.65,12.84675299,87.9,79.775,63.525,55.4,,,,,3.5,1.118033989,4,5,3,2,,,,,,,,,,,,,,,,,,,,,,,,,,,,,,,,,,,,,,,,,,,,,,,,,,,
rating,D0617,4,4.25,0.433012702,4,5,4,4,,,,,4.5,0.5,5,5,4,4,,,,,77.74375,6.736894105,79.775,87.9,71.65,71.65,,,,,4.5,0.5,5,4,5,4,,,,,,,,,,,,,,,,,,,,,,,,,,,,,,,,,,,,,,,,,,,,,,,,,,,
rating,D0620,4,3.75,0.829156198,5,3,4,3,,,,,4.75,0.433012702,5,5,5,4,,,,,75.7125,9.084026159,87.9,71.65,79.775,63.525,,,,,3.25,1.089724736,5,3,3,2,,,,,,,,,,,,,,,,,,,,,,,,,,,,,,,,,,,,,,,,,,,,,,,,,,,
rating,D0624,4,4,0.707106781,5,4,4,3,,,,,4.25,0.829156198,5,5,4,3,,,,,73.68125,12.01703706,87.9,79.775,71.65,55.4,,,,,4,0,4,4,4,4,,,,,,,,,,,,,,,,,,,,,,,,,,,,,,,,,,,,,,,,,,,,,,,,,,,
rating,D0627,4,3.5,0.866025404,,,,,3,5,3,3,4.5,0.5,,,,,4,5,4,5,71.65,9.95105208,,,,,63.525,87.9,63.525,71.65,3.75,1.299038106,,,,,3,5,5,2,,,,,,,,,,,,,,,,,,,,,,,,,,,,,,,,,,,,,,,,,,,,,,,
rating,D0628,4,4.5,0.5,,,,,4,5,5,4,5,0,,,,,5,5,5,5,83.8375,4.0625,,,,,79.775,87.9,87.9,79.775,4,1.224744871,,,,,4,5,5,2,,,,,,,,,,,,,,,,,,,,,,,,,,,,,,,,,,,,,,,,,,,,,,,
rating,D0629,4,4.25,0.829156198,,,,,3,5,4,5,4.75,0.433012702,,,,,4,5,5,5,79.775,9.95105208,,,,,63.525,87.9,79.775,87.9,3.5,0.5,,,,,3,4,4,3,,,,,,,,,,,,,,,,,,,,,,,,,,,,,,,,,,,,,,,,,,,,,,,
rating,D0630,4,4.25,0.829156198,,,,,3,5,4,5,4.75,0.433012702,,,,,4,5,5,5,79.775,9.95105208,,,,,63.525,87.9,79.775,87.9,3.75,0.829156198,,,,,3,4,3,5,,,,,,,,,,,,,,,,,,,,,,,,,,,,,,,,,,,,,,,,,,,,,,,
rating,D0631,4,4.5,0.5,,,,,4,4,5,5,4.75,0.433012702,,,,,4,5,5,5,81.80625,6.736894105,,,,,71.65,79.775,87.9,87.9,3.75,0.433012702,,,,,3,4,4,4,,,,,,,,,,,,,,,,,,,,,,,,,,,,,,,,,,,,,,,,,,,,,,,
rating,D0640,4,4.25,0.829156198,,,,,3,5,5,4,4.75,0.433012702,,,,,4,5,5,5,79.775,9.95105208,,,,,63.525,87.9,87.9,79.775,3.75,1.299038106,,,,,2,5,5,3,,,,,,,,,,,,,,,,,,,,,,,,,,,,,,,,,,,,,,,,,,,,,,,
rating,D0643,4,3.75,1.299038106,,,,,2,5,3,5,4.75,0.433012702,,,,,4,5,5,5,75.7125,13.47378821,,,,,55.4,87.9,71.65,87.9,4,1.224744871,,,,,2,5,4,5,,,,,,,,,,,,,,,,,,,,,,,,,,,,,,,,,,,,,,,,,,,,,,,
rating,D0645,4,4.5,0.5,,,,,4,4,5,5,5,0,,,,,5,5,5,5,83.8375,4.0625,,,,,79.775,79.775,87.9,87.9,4,1.224744871,,,,,4,2,5,5,,,,,,,,,,,,,,,,,,,,,,,,,,,,,,,,,,,,,,,,,,,,,,,
rating,D0647,4,4.5,0.5,,,,,4,5,4,5,5,0,,,,,5,5,5,5,83.8375,4.0625,,,,,79.775,87.9,79.775,87.9,4.75,0.433012702,,,,,4,5,5,5,,,,,,,,,,,,,,,,,,,,,,,,,,,,,,,,,,,,,,,,,,,,,,,
rating,D0650,4,4,0,,,,,4,4,4,4,4.75,0.433012702,,,,,4,5,5,5,77.74375,3.518228203,,,,,71.65,79.775,79.775,79.775,3.25,1.089724736,,,,,3,3,5,2,,,,,,,,,,,,,,,,,,,,,,,,,,,,,,,,,,,,,,,,,,,,,,,
rating,AVG,4,4.05,0.804673847,4.8,3.8,3.7,3.3,3.4,4.7,4.2,4.5,4.625,0.619979838,5,5,4.3,3.5,4.3,5,4.9,5,77.134375,10.25932074,86.275,78.15,71.65,61.9,69.2125,85.4625,80.5875,83.8375,3.825,1.034105894,4.7,3.3,3.8,3.4,3.1,4.2,4.5,3.6,,,,,,,,,,,,,,,,,,,,,,,,,,,,,,,,,,,,,,,,,,,,,,,
