metric,topic,start_len,end_len,word_range,auc_resultsTROracleLite75_simulation_0,auc_topic,aucNorm_resultsTROracleLite75_simulation_0,score_limit,limit_wordCount_resultsTROracleLite75_simulation_0,limit_wordCount_topic,limit_relativeWordCount_resultsTROracleLite75_simulation_0,wordcount_limit_-inf,limit_F1score_resultsTROracleLite75_simulation_0_-inf,limit_F1score_avg_-inf,wordcount_limit_100,limit_F1score_resultsTROracleLite75_simulation_0_100,limit_F1score_avg_100,wordcount_limit_150,limit_F1score_resultsTROracleLite75_simulation_0_150,limit_F1score_avg_150,wordcount_limit_250,limit_F1score_resultsTROracleLite75_simulation_0_250,limit_F1score_avg_250,wordcount_limit_350,limit_F1score_resultsTROracleLite75_simulation_0_350,limit_F1score_avg_350
R1,D0601,105,333,228,74.72077843,74.72077843,0.327722712,0.37,265.551372,265.551372,0.344628353,#NAME?,0.23854,0.23854,100,0.265977021,0.265977021,150,0.33762,0.33762,250,0.366853871,0.366853871,350,0.385328333,0.385328333
R1,D0602,105,333,228,70.26869375,70.26869375,0.308196025,0.37,255.2695418,255.2695418,0.291100256,#NAME?,0.20119,0.20119,100,0.2119425,0.2119425,150,0.295758364,0.295758364,250,0.367827778,0.367827778,350,0.375988421,0.375988421
R1,D0603,105,333,228,74.87403333,74.87403333,0.328394883,0.37,195.1454142,195.1454142,0.195640167,#NAME?,0.21638,0.21638,100,0.2392075,0.2392075,150,0.313902931,0.313902931,250,0.401638039,0.401638039,350,0.3948744,0.3948744
R1,D0605,105,333,228,73.63309739,73.63309739,0.322952182,0.37,237.4410828,237.4410828,0.353834306,#NAME?,0.25782,0.25782,100,0.278921111,0.278921111,150,0.347972093,0.347972093,250,0.372868,0.372868,350,0.376247317,0.376247317
R1,D0608,105,333,228,76.43002537,76.43002537,0.33521941,0.37,184.9686292,184.9686292,0.213152728,#NAME?,0.22664,0.22664,100,0.25214,0.25214,150,0.335039318,0.335039318,250,0.390515143,0.390515143,350,0.379507368,0.379507368
R1,D0614,105,333,228,85.8439862,85.8439862,0.376508711,0.37,158.0554723,158.0554723,0.146772328,#NAME?,0.23915,0.23915,100,0.275068837,0.275068837,150,0.358277091,0.358277091,250,0.448067419,0.448067419,350,0.445309423,0.445309423
R1,D0615,105,333,228,72.01717818,72.01717818,0.315864817,0.37,243.0819591,243.0819591,0.277529963,#NAME?,0.21461,0.21461,100,0.234945522,0.234945522,150,0.307572388,0.307572388,250,0.374461587,0.374461587,350,0.401954565,0.401954565
R1,D0616,105,333,228,72.24785455,72.24785455,0.316876555,0.37,235.8298727,235.8298727,0.29297219,#NAME?,0.21857,0.21857,100,0.237456792,0.237456792,150,0.304696786,0.304696786,250,0.377235106,0.377235106,350,0.392832353,0.392832353
R1,D0617,105,333,228,80.15043496,80.15043496,0.351536995,0.37,158.875,158.875,0.263973577,#NAME?,0.11051,0.11051,100,0.2792992,0.2792992,150,0.369842222,0.369842222,250,0.402787,0.402787,350,0.430223469,0.430223469
R1,D0620,105,333,228,78.11773075,78.11773075,0.342621626,0.37,176.5158036,176.5158036,0.175278819,#NAME?,0.26146,0.26146,100,0.273988387,0.273988387,150,0.32619,0.32619,250,0.407226552,0.407226552,350,0.407457917,0.407457917
R1,D0624,105,333,228,82.26706197,82.26706197,0.360820447,0.37,169.888535,169.888535,0.155256305,#NAME?,0.25242,0.25242,100,0.271717143,0.271717143,150,0.350278947,0.350278947,250,0.436297846,0.436297846,350,0.466882727,0.466882727
R1,D0627,105,333,228,73.55346371,73.55346371,0.322602911,0.37,206.8593169,206.8593169,0.384484191,#NAME?,0.07671,0.07671,100,0.240708507,0.240708507,150,0.313838889,0.313838889,250,0.385243607,0.385243607,350,0.397145294,0.397145294
R1,D0628,105,333,228,70.276161,70.276161,0.308228776,0.37,264.024974,264.024974,0.301755169,#NAME?,0.22902,0.22902,100,,nan,150,0.282934286,0.282934286,250,0.36572127,0.36572127,350,0.383566833,0.383566833
R1,D0629,105,333,228,68.93071565,68.93071565,0.3023277,0.37,300.7093633,300.7093633,0.463636972,#NAME?,0.21594,0.21594,100,0.224936522,0.224936522,150,0.284884375,0.284884375,250,0.353451346,0.353451346,350,0.37865587,0.37865587
R1,D0630,105,333,228,83.69599476,83.69599476,0.367087696,0.37,155.4957784,155.4957784,0.150375054,#NAME?,0.23871,0.23871,100,0.2835784,0.2835784,150,0.363490877,0.363490877,250,0.437222857,0.437222857,350,0.436368387,0.436368387
R1,D0631,105,333,228,81.59793515,81.59793515,0.35788568,0.37,165.1348611,165.1348611,0.157740002,#NAME?,0.26856,0.26856,100,0.287642857,0.287642857,150,0.355074,0.355074,250,0.421129714,0.421129714,350,0.432904286,0.432904286
R1,D0640,105,333,228,80.71818972,80.71818972,0.354027148,0.37,174.5044084,174.5044084,0.14880667,#NAME?,0.23037,0.23037,100,0.2439936,0.2439936,150,0.349033684,0.349033684,250,0.429583333,0.429583333,350,0.416441154,0.416441154
R1,D0643,105,333,228,79.66306174,79.66306174,0.349399394,0.37,183.7856736,183.7856736,0.154148621,#NAME?,0.26415,0.26415,100,0.268259048,0.268259048,150,0.336743175,0.336743175,250,0.421004583,0.421004583,350,0.43623,0.43623
R1,D0645,105,333,228,76.04825,76.04825,0.333544956,0.37,203.2774417,203.2774417,0.210134614,#NAME?,0.24946,0.24946,100,0.252996667,0.252996667,150,0.331286364,0.331286364,250,0.396585902,0.396585902,350,0.408129167,0.408129167
R1,D0647,105,333,228,94.72849733,94.72849733,0.415475865,0.37,124.9588477,124.9588477,0.086785551,#NAME?,0.27749,0.27749,100,0.317059268,0.317059268,150,0.400425,0.400425,250,0.493591053,0.493591053,350,0.52001569,0.52001569
R1,D0650,105,333,228,68.67896928,68.67896928,0.301223549,0.37,,nan,1,#NAME?,0.21037,0.21037,100,0.218277407,0.218277407,150,0.296443437,0.296443437,250,0.350179667,0.350179667,350,0.359644783,0.359644783
R1,AVG,105,333,228,77.06962444,77.06962444,0.338024669,0.37,,202.9686674,0.274666945,#NAME?,0.223717619,0.223717619,100,0.257905815,nan,150,0.331490677,0.331490677,250,0.399975794,0.399975794,350,0.410747988,0.410747988
R1,STD,0,0,0,6.266575458,6.266575458,0.02748498,0.37,,45.23003055,0.187206777,#NAME?,0.04716295,0.04716295,100,0.025951634,nan,150,0.029684573,0.029684573,250,0.035038677,0.035038677,350,0.036349674,0.036349674
R1,BootAvg,,,,,77.03372248,,,,202.8283681,,#NAME?,,0.224361429,100,,nan,150,,0.331411826,250,,0.39953429,350,,0.410433361
R1,BootLower,,,,2.522420269,74.51130221,,,,183.6972358,,#NAME?,0.022737964,0.201623464,100,,nan,150,0.012096801,0.319315025,250,0.01388855,0.385645739,350,0.014204228,0.396229134
R1,BootUpper,,,,2.79511242,79.8288349,,,,223.3826982,,#NAME?,0.016927238,0.241288667,100,,nan,150,0.012923611,0.344335437,250,0.015853437,0.415387727,350,0.016835028,0.427268389
,,,,,,,,,,,,,,,,,,,,,,,,,,
R2,D0601,105,333,228,9.678305106,9.678305106,0.042448707,0.06,317.3842795,317.3842795,0.4441157,#NAME?,0.01999,0.01999,100,0.026111277,0.026111277,150,0.040753134,0.040753134,250,0.045557419,0.045557419,350,0.063556667,0.063556667
R2,D0602,105,333,228,8.823806738,8.823806738,0.038700907,0.06,402.038961,402.038961,0.556027005,#NAME?,0.01191,0.01191,100,0.01386625,0.01386625,150,0.030102545,0.030102545,250,0.047496508,0.047496508,350,0.054279474,0.054279474
R2,D0603,105,333,228,13.779855,13.779855,0.060437961,0.06,141.8031574,141.8031574,0.100893708,#NAME?,0.04081,0.04081,100,0.0458775,0.0458775,150,0.061623966,0.061623966,250,0.071970196,0.071970196,350,0.0719324,0.0719324
R2,D0605,105,333,228,14.43838475,14.43838475,0.063326249,0.06,,nan,1,#NAME?,0.06747,0.06747,100,0.068290556,0.068290556,150,0.069925116,0.069925116,250,0.069428,0.069428,350,0.079677561,0.079677561
R2,D0608,105,333,228,12.85835151,12.85835151,0.056396279,0.06,144.1231275,144.1231275,0.126062106,#NAME?,0.0339,0.0339,100,0.040521774,0.040521774,150,0.061197727,0.061197727,250,0.063251429,0.063251429,350,0.066983158,0.066983158
R2,D0614,105,333,228,20.64626153,20.64626153,0.090553779,0.06,112.1693122,112.1693122,0.059370118,#NAME?,0.04904,0.04904,100,0.05572093,0.05572093,150,0.075850545,0.075850545,250,0.117093871,0.117093871,350,0.106413846,0.106413846
R2,D0615,105,333,228,14.4158738,14.4158738,0.063227517,0.06,169.042879,169.042879,0.146718868,#NAME?,0.03523,0.03523,100,0.040000448,0.040000448,150,0.057037761,0.057037761,250,0.07499873,0.07499873,350,0.09312087,0.09312087
R2,D0616,105,333,228,12.43107785,12.43107785,0.054522271,0.06,217.573913,217.573913,0.257035262,#NAME?,0.02862,0.02862,100,0.032515094,0.032515094,150,0.045791071,0.045791071,250,0.071237872,0.071237872,350,0.078682353,0.078682353
R2,D0617,105,333,228,24.845606,24.845606,0.108971956,0.06,72.944989,72.944989,0.089319083,#NAME?,0.02513,0.02513,100,0.0835392,0.0835392,150,0.125775556,0.125775556,250,0.121851,0.121851,350,0.130685102,0.130685102
R2,D0620,105,333,228,13.56467799,13.56467799,0.059494202,0.06,175.7957245,175.7957245,0.17385292,#NAME?,0.03931,0.03931,100,0.041562903,0.041562903,150,0.05095,0.05095,250,0.071621724,0.071621724,350,0.0793725,0.0793725
R2,D0624,105,333,228,20.3076928,20.3076928,0.089068828,0.06,127.6860548,127.6860548,0.074253464,#NAME?,0.02688,0.02688,100,0.036297347,0.036297347,150,0.07271,0.07271,250,0.117318462,0.117318462,350,0.1364,0.1364
R2,D0627,105,333,228,11.64788417,11.64788417,0.051087211,0.06,206.3026764,206.3026764,0.38333884,#NAME?,0.00754,0.00754,100,0.027489403,0.027489403,150,0.040196667,0.040196667,250,0.062739508,0.062739508,350,0.075151176,0.075151176
R2,D0628,105,333,228,10.733493,10.733493,0.047076724,0.06,307.2428571,307.2428571,0.383762537,#NAME?,0.03434,0.03434,100,,nan,150,0.043032857,0.043032857,250,0.054267778,0.054267778,350,0.069976667,0.069976667
R2,D0629,105,333,228,12.4126513,12.4126513,0.054441453,0.06,232.387156,232.387156,0.311132045,#NAME?,0.04082,0.04082,100,0.042276304,0.042276304,150,0.051512344,0.051512344,250,0.061845962,0.061845962,350,0.067156304,0.067156304
R2,D0630,105,333,228,21.38449448,21.38449448,0.093791642,0.06,105.2495164,105.2495164,0.054117848,#NAME?,0.03079,0.03079,100,0.054572,0.054572,150,0.09215807,0.09215807,250,0.113068571,0.113068571,350,0.107847419,0.107847419
R2,D0631,105,333,228,17.87471003,17.87471003,0.078397851,0.06,94.00324851,94.00324851,0.012276582,#NAME?,0.05736,0.05736,100,0.062637143,0.062637143,150,0.079214,0.079214,250,0.088950857,0.088950857,350,0.098975714,0.098975714
R2,D0640,105,333,228,20.12292704,20.12292704,0.088258452,0.06,117.7947725,117.7947725,0.043982944,#NAME?,0.03542,0.03542,100,0.041618,0.041618,150,0.087225789,0.087225789,250,0.109492963,0.109492963,350,0.112489231,0.112489231
R2,D0643,105,333,228,25.56926452,25.56926452,0.112145897,0.06,,nan,1,#NAME?,0.07591,0.07591,100,0.077326667,0.077326667,150,0.100937778,0.100937778,250,0.133410833,0.133410833,350,0.15181,0.15181
R2,D0645,105,333,228,14.5239625,14.5239625,0.06370159,0.06,189.2257218,189.2257218,0.182087269,#NAME?,0.03461,0.03461,100,0.035656667,0.035656667,150,0.057282727,0.057282727,250,0.078540984,0.078540984,350,0.091861875,0.091861875
R2,D0647,105,333,228,29.75316657,29.75316657,0.130496345,0.06,,nan,1,#NAME?,0.08909,0.08909,100,0.095666585,0.095666585,150,0.12365087,0.12365087,250,0.153003684,0.153003684,350,0.167923276,0.167923276
R2,D0650,105,333,228,13.26123874,13.26123874,0.058163328,0.06,192.4887218,192.4887218,0.164955536,#NAME?,0.03875,0.03875,100,0.040048148,0.040048148,150,0.05293625,0.05293625,250,0.0668325,0.0668325,350,0.079777826,0.079777826
R2,AVG,105,333,228,16.33684216,16.33684216,0.071652817,0.06,,184.7365038,0.312538183,#NAME?,0.039186667,0.039186667,100,0.04807971,nan,150,0.067612608,0.067612608,250,0.085427564,0.085427564,350,0.094479687,0.094479687
R2,STD,0,0,0,5.543483965,5.543483965,0.024313526,0.06,,84.19117357,0.314145386,#NAME?,0.019296225,0.019296225,100,0.020025493,nan,150,0.025693194,0.025693194,250,0.029651872,0.029651872,350,0.029994892,0.029994892
R2,BootAvg,,,,,16.30562205,,,,183.7625872,,#NAME?,,0.039016667,100,,nan,150,,0.067422085,250,,0.08517424,350,,0.094164295
R2,BootLower,,,,2.208736219,14.09688583,,,,148.3252714,,#NAME?,0.007660155,0.031356512,100,,nan,150,0.01005681,0.057365275,250,0.012015837,0.073158403,350,0.01193183,0.082232464
R2,BootUpper,,,,2.51198537,18.81760742,,,,225.2007524,,#NAME?,0.008879571,0.047896238,100,,nan,150,0.011368917,0.078791002,250,0.012911536,0.098085776,350,0.013404016,0.107568311
,,,,,,,,,,,,,,,,,,,,,,,,,,
RL,D0601,105,333,228,63.71380175,63.71380175,0.279446499,0.29,162.5225753,162.5225753,0.146876344,#NAME?,0.20642,0.20642,100,0.226606809,0.226606809,150,0.283293881,0.283293881,250,0.316094194,0.316094194,350,0.317868333,0.317868333
RL,D0602,105,333,228,54.47070526,54.47070526,0.238906602,0.29,286.7719298,286.7719298,0.347963772,#NAME?,0.16864,0.16864,100,0.1756275,0.1756275,150,0.230500727,0.230500727,250,0.281529365,0.281529365,350,0.296361579,0.296361579
RL,D0603,105,333,228,59.4694925,59.4694925,0.260831107,0.29,188.549086,188.549086,0.183923776,#NAME?,0.17581,0.17581,100,0.1932675,0.1932675,150,0.250733103,0.250733103,250,0.317972157,0.317972157,350,0.3079028,0.3079028
RL,D0605,105,333,228,57.60139217,57.60139217,0.252637685,0.29,159.9300721,159.9300721,0.172733813,#NAME?,0.22206,0.22206,100,0.237541667,0.237541667,150,0.282635581,0.282635581,250,0.285664,0.285664,350,0.290853415,0.290853415
RL,D0608,105,333,228,63.49737629,63.49737629,0.278497264,0.29,146.6216901,146.6216901,0.131389531,#NAME?,0.20367,0.20367,100,0.224684516,0.224684516,150,0.291712273,0.291712273,250,0.317108857,0.317108857,350,0.315729474,0.315729474
RL,D0614,105,333,228,68.6784485,68.6784485,0.301221265,0.29,149.8403361,149.8403361,0.13112445,#NAME?,0.19954,0.19954,100,0.231358372,0.231358372,150,0.290114,0.290114,250,0.361577419,0.361577419,350,0.349012308,0.349012308
RL,D0615,105,333,228,56.695968,56.695968,0.248666526,0.29,246.8001069,246.8001069,0.284099129,#NAME?,0.17656,0.17656,100,0.19224209,0.19224209,150,0.248249552,0.248249552,250,0.291900635,0.291900635,350,0.322028913,0.322028913
RL,D0616,105,333,228,60.62075392,60.62075392,0.2658805,0.29,199.2151755,199.2151755,0.220896015,#NAME?,0.19312,0.19312,100,0.208349623,0.208349623,150,0.261124286,0.261124286,250,0.315322979,0.315322979,350,0.325730588,0.325730588
RL,D0617,105,333,228,65.82470413,65.82470413,0.288704843,0.29,141.9130813,141.9130813,0.229498133,#NAME?,0.09804,0.09804,100,0.2321348,0.2321348,150,0.294498667,0.294498667,250,0.3300455,0.3300455,350,0.348924694,0.348924694
RL,D0620,105,333,228,59.80563859,59.80563859,0.262305432,0.29,185.8476298,185.8476298,0.193757683,#NAME?,0.21938,0.21938,100,0.226218065,0.226218065,150,0.25471,0.25471,250,0.311218966,0.311218966,350,0.29994625,0.29994625
RL,D0624,105,333,228,70.28921314,70.28921314,0.308286023,0.29,147.4341421,147.4341421,0.112157662,#NAME?,0.20342,0.20342,100,0.220712449,0.220712449,150,0.292597368,0.292597368,250,0.374468615,0.374468615,350,0.39947,0.39947
RL,D0627,105,333,228,58.97632117,58.97632117,0.258668075,0.29,197.8625173,197.8625173,0.365972258,#NAME?,0.07109,0.07109,100,0.188078209,0.188078209,150,0.231988889,0.231988889,250,0.313707049,0.313707049,350,0.326271176,0.326271176
RL,D0628,105,333,228,60.108672,60.108672,0.263634526,0.29,206.6856894,206.6856894,0.192951972,#NAME?,0.18919,0.18919,100,,nan,150,0.241975714,0.241975714,250,0.313187937,0.313187937,350,0.3254105,0.3254105
RL,D0629,105,333,228,57.219,57.219,0.250960526,0.29,250.84,250.84,0.352321429,#NAME?,0.19131,0.19131,100,0.199165217,0.199165217,150,0.24987375,0.24987375,250,0.289882885,0.289882885,350,0.295462174,0.295462174
RL,D0630,105,333,228,69.28910729,69.28910729,0.303899593,0.29,136.2785112,136.2785112,0.113560366,#NAME?,0.20199,0.20199,100,0.2371432,0.2371432,150,0.307139825,0.307139825,250,0.359038571,0.359038571,350,0.34834,0.34834
RL,D0631,105,333,228,66.00586033,66.00586033,0.289499387,0.29,152.9264937,152.9264937,0.132774016,#NAME?,0.22205,0.22205,100,0.234798571,0.234798571,150,0.287022,0.287022,250,0.339072,0.339072,350,0.346945357,0.346945357
RL,D0640,105,333,228,68.79989717,68.79989717,0.301753935,0.29,138.2319556,138.2319556,0.081759622,#NAME?,0.20396,0.20396,100,0.2156312,0.2156312,150,0.305544211,0.305544211,250,0.36234463,0.36234463,350,0.347270385,0.347270385
RL,D0643,105,333,228,67.25936403,67.25936403,0.294997211,0.29,146.7490775,146.7490775,0.088364258,#NAME?,0.23222,0.23222,100,0.235704286,0.235704286,150,0.293775714,0.293775714,250,0.352893333,0.352893333,350,0.36148,0.36148
RL,D0645,105,333,228,63.06965333,63.06965333,0.276621287,0.29,169.4706518,169.4706518,0.142655992,#NAME?,0.21936,0.21936,100,0.222015238,0.222015238,150,0.280169091,0.280169091,250,0.328081803,0.328081803,350,0.329492083,0.329492083
RL,D0647,105,333,228,78.64319703,78.64319703,0.344926303,0.29,104.8588375,104.8588375,0.04617947,#NAME?,0.2524,0.2524,100,0.282007805,0.282007805,150,0.340553696,0.340553696,250,0.407465263,0.407465263,350,0.424103966,0.424103966
RL,D0650,105,333,228,58.82355369,58.82355369,0.257998042,0.29,212.6824347,212.6824347,0.199124255,#NAME?,0.18667,0.18667,100,0.193452407,0.193452407,150,0.260392344,0.260392344,250,0.297617833,0.297617833,350,0.307039275,0.307039275
RL,AVG,105,333,228,63.27914858,63.27914858,0.277540125,0.29,,177.7158092,0.184289712,#NAME?,0.192233333,0.192233333,100,0.218836976,nan,150,0.275171651,0.275171651,250,0.326961619,0.326961619,350,0.33264968,0.33264968
RL,STD,0,0,0,5.702700704,5.702700704,0.025011845,0.29,,43.55729912,0.087913039,#NAME?,0.040163763,0.040163763,100,0.023491444,nan,150,0.027416709,0.027416709,250,0.03186743,0.03186743,350,0.03266712,0.03266712
RL,BootAvg,,,,,63.23067364,,,,177.5004102,,#NAME?,,0.192725476,100,,nan,150,,0.275075619,250,,0.326600685,350,,0.332359194
RL,BootLower,,,,2.243543606,60.98713003,,,,159.5631197,,#NAME?,0.018705214,0.174020262,100,,nan,150,0.011310705,0.263764914,250,0.012439547,0.314161138,350,0.012634822,0.319724372
RL,BootUpper,,,,2.537538529,65.76821217,,,,196.8776781,,#NAME?,0.014810726,0.207536202,100,,nan,150,0.012134197,0.287209816,250,0.014519084,0.34111977,350,0.015125574,0.347484767
,,,,,,,,,,,,,,,,,,,,,,,,,,
RSU,D0601,105,333,228,22.99198205,22.99198205,0.100842027,0.11,199.9016153,199.9016153,0.218621143,#NAME?,0.03891,0.03891,100,0.051983617,0.051983617,150,0.089711642,0.089711642,250,0.121910968,0.121910968,350,0.134656667,0.134656667
RSU,D0602,105,333,228,21.48419939,21.48419939,0.094228945,0.11,206.5893805,206.5893805,0.203229929,#NAME?,0.03012,0.03012,100,0.034755,0.034755,150,0.072925091,0.072925091,250,0.125572698,0.125572698,350,0.131297368,0.131297368
RSU,D0603,105,333,228,23.2991825,23.2991825,0.102189397,0.11,184.8210821,184.8210821,0.1773021,#NAME?,0.03422,0.03422,100,0.0452025,0.0452025,150,0.082149138,0.082149138,250,0.140271176,0.140271176,350,0.143464,0.143464
RSU,D0605,105,333,228,23.85308239,23.85308239,0.104618782,0.11,156.9789927,156.9789927,0.165838768,#NAME?,0.04917,0.04917,100,0.060327222,0.060327222,150,0.103587442,0.103587442,250,0.13514,0.13514,350,0.134884146,0.134884146
RSU,D0608,105,333,228,24.8332019,24.8332019,0.108917552,0.11,170.4827839,170.4827839,0.182266064,#NAME?,0.0403,0.0403,100,0.053637903,0.053637903,150,0.097291364,0.097291364,250,0.135565714,0.135565714,350,0.137404737,0.137404737
RSU,D0614,105,333,228,30.79495854,30.79495854,0.135065608,0.11,147.5780279,147.5780279,0.126815291,#NAME?,0.04255,0.04255,100,0.061077209,0.061077209,150,0.112621455,0.112621455,250,0.176796774,0.176796774,350,0.178114615,0.178114615
RSU,D0615,105,333,228,23.30755208,23.30755208,0.102226106,0.11,193.2584109,193.2584109,0.189502493,#NAME?,0.03684,0.03684,100,0.047774627,0.047774627,150,0.086826866,0.086826866,250,0.135402063,0.135402063,350,0.145044565,0.145044565
RSU,D0616,105,333,228,23.72404384,23.72404384,0.104052824,0.11,196.6523056,196.6523056,0.215850995,#NAME?,0.03616,0.03616,100,0.044529057,0.044529057,150,0.077305,0.077305,250,0.139984255,0.139984255,350,0.149489412,0.149489412
RSU,D0617,105,333,228,27.32957523,27.32957523,0.119866558,0.11,140.1302386,140.1302386,0.225874469,#NAME?,0.00712,0.00712,100,0.0602064,0.0602064,150,0.114769778,0.114769778,250,0.1505105,0.1505105,350,0.168986122,0.168986122
RSU,D0620,105,333,228,24.98652617,24.98652617,0.109590027,0.11,177.7525773,177.7525773,0.177727876,#NAME?,0.05008,0.05008,100,0.056467097,0.056467097,150,0.08308,0.08308,250,0.145675517,0.145675517,350,0.154194583,0.154194583
RSU,D0624,105,333,228,28.46073181,28.46073181,0.124827771,0.11,154.7190446,154.7190446,0.126140201,#NAME?,0.04844,0.04844,100,0.059116735,0.059116735,150,0.106048421,0.106048421,250,0.157835538,0.157835538,350,0.194613939,0.194613939
RSU,D0627,105,333,228,22.68348586,22.68348586,0.099488973,0.11,197.7763441,197.7763441,0.365794947,#NAME?,0.00324,0.00324,100,0.0454,0.0454,150,0.07588,0.07588,250,0.134059344,0.134059344,350,0.142147059,0.142147059
RSU,D0628,105,333,228,22.213518,22.213518,0.097427711,0.11,211.3091207,211.3091207,0.201725087,#NAME?,0.04395,0.04395,100,,nan,150,0.073964286,0.073964286,250,0.125927143,0.125927143,350,0.137885333,0.137885333
RSU,D0629,105,333,228,20.75679652,20.75679652,0.091038581,0.11,232.5463166,232.5463166,0.311487314,#NAME?,0.03568,0.03568,100,0.039703478,0.039703478,150,0.069010469,0.069010469,250,0.114601731,0.114601731,350,0.133021522,0.133021522
RSU,D0630,105,333,228,29.3554718,29.3554718,0.128752069,0.11,149.079857,149.079857,0.138084017,#NAME?,0.04033,0.04033,100,0.0634082,0.0634082,150,0.110812632,0.110812632,250,0.170737143,0.170737143,350,0.177245484,0.177245484
RSU,D0631,105,333,228,26.48026396,26.48026396,0.116141509,0.11,162.1649208,162.1649208,0.151666505,#NAME?,0.05332,0.05332,100,0.062671429,0.062671429,150,0.100942,0.100942,250,0.148230571,0.148230571,350,0.165275357,0.165275357
RSU,D0640,105,333,228,26.36260912,26.36260912,0.115625479,0.11,170.1417254,170.1417254,0.140742561,#NAME?,0.03977,0.03977,100,0.046322,0.046322,150,0.097957368,0.097957368,250,0.154329259,0.154329259,350,0.157863846,0.157863846
RSU,D0643,105,333,228,26.72282123,26.72282123,0.117205356,0.11,175.5480226,175.5480226,0.139516914,#NAME?,0.05308,0.05308,100,0.05534,0.05534,150,0.093006667,0.093006667,250,0.1581675,0.1581675,350,0.17606,0.17606
RSU,D0645,105,333,228,25.39272,25.39272,0.111371579,0.11,175.2939118,175.2939118,0.154279265,#NAME?,0.04871,0.04871,100,0.050755238,0.050755238,150,0.096856364,0.096856364,250,0.147884262,0.147884262,350,0.155893333,0.155893333
RSU,D0647,105,333,228,37.60177171,37.60177171,0.164920051,0.11,122.8945822,122.8945822,0.082615318,#NAME?,0.05569,0.05569,100,0.079594878,0.079594878,150,0.138390217,0.138390217,250,0.215379474,0.215379474,350,0.241256034,0.241256034
RSU,D0650,105,333,228,22.09511188,22.09511188,0.096908385,0.11,202.7915235,202.7915235,0.182388365,#NAME?,0.03725,0.03725,100,0.041268519,0.041268519,150,0.081195625,0.081195625,250,0.122051167,0.122051167,350,0.127922174,0.127922174
RSU,AVG,105,333,228,25.46331457,25.46331457,0.111681204,0.11,,177.5433707,0.18464141,#NAME?,0.039282381,0.039282381,100,0.052977055,nan,150,0.093539611,0.093539611,250,0.145525371,0.145525371,350,0.15651049,0.15651049
RSU,STD,0,0,0,3.755109417,3.755109417,0.016469778,0.11,,26.37578322,0.061403407,#NAME?,0.013010214,0.013010214,100,0.010126497,nan,150,0.016787697,0.016787697,250,0.022110351,0.022110351,350,0.026160497,0.026160497
RSU,BootAvg,,,,,25.42154396,,,,177.6184181,,#NAME?,,0.039376667,100,,nan,150,,0.093415862,250,,0.145232229,350,,0.156025358
RSU,BootLower,,,,1.446854789,23.97468917,,,,166.4348023,,#NAME?,0.00616,0.033216667,100,,nan,150,0.006791922,0.08662394,250,0.008525167,0.136707062,350,0.009840353,0.146185005
RSU,BootUpper,,,,1.694432327,27.11597629,,,,189.0314555,,#NAME?,0.004964798,0.044341464,100,,nan,150,0.007557458,0.100973321,250,0.010307048,0.155539277,350,0.012577731,0.168603089
,,,,,,,,,,,,,,,,,,,,,,,,,,
litepyramid,D0601,105,333,228,-228,-228,-1,0.5,,nan,1,#NAME?,-1,-1,100,-1,-1,150,-1,-1,250,-1,-1,350,-1,-1
litepyramid,D0602,105,333,228,-228,-228,-1,0.5,,nan,1,#NAME?,-1,-1,100,-1,-1,150,-1,-1,250,-1,-1,350,-1,-1
litepyramid,D0603,105,333,228,-228,-228,-1,0.5,,nan,1,#NAME?,-1,-1,100,-1,-1,150,-1,-1,250,-1,-1,350,-1,-1
litepyramid,D0605,105,333,228,-228,-228,-1,0.5,,nan,1,#NAME?,-1,-1,100,-1,-1,150,-1,-1,250,-1,-1,350,-1,-1
litepyramid,D0608,105,333,228,-228,-228,-1,0.5,,nan,1,#NAME?,-1,-1,100,-1,-1,150,-1,-1,250,-1,-1,350,-1,-1
litepyramid,D0614,105,333,228,-228,-228,-1,0.5,,nan,1,#NAME?,-1,-1,100,-1,-1,150,-1,-1,250,-1,-1,350,-1,-1
litepyramid,D0615,105,333,228,-228,-228,-1,0.5,,nan,1,#NAME?,-1,-1,100,-1,-1,150,-1,-1,250,-1,-1,350,-1,-1
litepyramid,D0616,105,333,228,-228,-228,-1,0.5,,nan,1,#NAME?,-1,-1,100,-1,-1,150,-1,-1,250,-1,-1,350,-1,-1
litepyramid,D0617,105,333,228,-228,-228,-1,0.5,,nan,1,#NAME?,-1,-1,100,-1,-1,150,-1,-1,250,-1,-1,350,-1,-1
litepyramid,D0620,105,333,228,-228,-228,-1,0.5,,nan,1,#NAME?,-1,-1,100,-1,-1,150,-1,-1,250,-1,-1,350,-1,-1
litepyramid,D0624,105,333,228,-228,-228,-1,0.5,,nan,1,#NAME?,-1,-1,100,-1,-1,150,-1,-1,250,-1,-1,350,-1,-1
litepyramid,D0627,105,333,228,-228,-228,-1,0.5,,nan,1,#NAME?,-1,-1,100,-1,-1,150,-1,-1,250,-1,-1,350,-1,-1
litepyramid,D0628,105,333,228,-228,-228,-1,0.5,,nan,1,#NAME?,-1,-1,100,,nan,150,-1,-1,250,-1,-1,350,-1,-1
litepyramid,D0629,105,333,228,-228,-228,-1,0.5,,nan,1,#NAME?,-1,-1,100,-1,-1,150,-1,-1,250,-1,-1,350,-1,-1
litepyramid,D0630,105,333,228,-228,-228,-1,0.5,,nan,1,#NAME?,-1,-1,100,-1,-1,150,-1,-1,250,-1,-1,350,-1,-1
litepyramid,D0631,105,333,228,-228,-228,-1,0.5,,nan,1,#NAME?,-1,-1,100,-1,-1,150,-1,-1,250,-1,-1,350,-1,-1
litepyramid,D0640,105,333,228,-228,-228,-1,0.5,,nan,1,#NAME?,-1,-1,100,-1,-1,150,-1,-1,250,-1,-1,350,-1,-1
litepyramid,D0643,105,333,228,-228,-228,-1,0.5,,nan,1,#NAME?,-1,-1,100,-1,-1,150,-1,-1,250,-1,-1,350,-1,-1
litepyramid,D0645,105,333,228,-228,-228,-1,0.5,,nan,1,#NAME?,-1,-1,100,-1,-1,150,-1,-1,250,-1,-1,350,-1,-1
litepyramid,D0647,105,333,228,-228,-228,-1,0.5,,nan,1,#NAME?,-1,-1,100,-1,-1,150,-1,-1,250,-1,-1,350,-1,-1
litepyramid,D0650,105,333,228,-228,-228,-1,0.5,,nan,1,#NAME?,-1,-1,100,-1,-1,150,-1,-1,250,-1,-1,350,-1,-1
litepyramid,AVG,105,333,228,-228,-228,-1,0.5,,nan,1,#NAME?,-1,-1,100,-1,nan,150,-1,-1,250,-1,-1,350,-1,-1
litepyramid,STD,0,0,0,0,0,0,0.5,,nan,0,#NAME?,0,0,100,0,nan,150,0,0,250,0,0,350,0,0
litepyramid,BootAvg,,,,,-228,,,,nan,,#NAME?,,-1,100,,nan,150,,-1,250,,-1,350,,-1
litepyramid,BootLower,,,,,-228,,,,nan,,#NAME?,,-1,100,,nan,150,,-1,250,,-1,350,,-1
litepyramid,BootUpper,,,,,-228,,,,nan,,#NAME?,,-1,100,,nan,150,,-1,250,,-1,350,,-1
,,,,,,,,,,,,,,,,,,,,,,,,,,
,,,,,,,,,,,,,,,,,,,,,,,,,,
metric,topic,num_ratings_per_session_avg,num_ratings_per_session_std,initial_rating_avg,initial_rating_std,response_rating_avg,response_rating_std,total_rating_avg,total_rating_std,,,,,,,,,,,,,,,,,
rating,AVG,nan,nan,nan,nan,nan,nan,nan,nan,,,,,,,,,,,,,,,,,
,,,,,,,,,,,,,,,,,,,,,,,,,,
metric,topic,numSessionsWithRating,r1_rating_avg,r1_rating_std,r2_rating_avg,r2_rating_std,umuxLiteScore_avg,umuxLiteScore_std,r3_rating_avg,r3_rating_std,,,,,,,,,,,,,,,,
