metric,topic,start_len,end_len,word_range,auc_resultsTRKeyphrases75_2_simulation_0,auc_topic,aucNorm_resultsTRKeyphrases75_2_simulation_0,score_limit,limit_wordCount_resultsTRKeyphrases75_2_simulation_0,limit_wordCount_topic,limit_relativeWordCount_resultsTRKeyphrases75_2_simulation_0,wordcount_limit_-inf,limit_F1score_resultsTRKeyphrases75_2_simulation_0_-inf,limit_F1score_avg_-inf,wordcount_limit_100,limit_F1score_resultsTRKeyphrases75_2_simulation_0_100,limit_F1score_avg_100,wordcount_limit_150,limit_F1score_resultsTRKeyphrases75_2_simulation_0_150,limit_F1score_avg_150,wordcount_limit_250,limit_F1score_resultsTRKeyphrases75_2_simulation_0_250,limit_F1score_avg_250,wordcount_limit_350,limit_F1score_resultsTRKeyphrases75_2_simulation_0_350,limit_F1score_avg_350
R1,D0601,105,333,228,68.39639546,68.39639546,0.299984191,0.37,,nan,1,#NAME?,0.23854,0.23854,100,0.2615868,0.2615868,150,0.320663333,0.320663333,250,0.342328824,0.342328824,350,0.337998108,0.337998108
R1,D0603,105,333,228,76.01681735,76.01681735,0.333407094,0.37,200.4108195,200.4108195,0.210988701,#NAME?,0.21638,0.21638,100,0.236335357,0.236335357,150,0.303327818,0.303327818,250,0.40429,0.40429,350,0.408875102,0.408875102
R1,D0605,105,333,228,71.20078048,71.20078048,0.312284125,0.37,235.6080682,235.6080682,0.33924732,#NAME?,0.25782,0.25782,100,0.27203,0.27203,150,0.3176375,0.3176375,250,0.378597391,0.378597391,350,0.388666667,0.388666667
R1,D0608,105,333,228,70.30716197,70.30716197,0.308364745,0.37,425.3657307,425.3657307,0.666077751,#NAME?,0.22664,0.22664,100,0.250035161,0.250035161,150,0.32388,0.32388,250,0.352828065,0.352828065,350,0.361861111,0.361861111
R1,D0614,105,333,228,81.58701526,81.58701526,0.357837786,0.37,180.7654626,180.7654626,0.195235739,#NAME?,0.23915,0.23915,100,0.268786607,0.268786607,150,0.339421148,0.339421148,250,0.411812667,0.411812667,350,0.442509836,0.442509836
R1,D0615,105,333,228,63.7101982,63.7101982,0.279430694,0.37,,nan,1,#NAME?,0.21461,0.21461,100,0.23068375,0.23068375,150,0.28809,0.28809,250,0.320081628,0.320081628,350,0.3405985,0.3405985
R1,D0616,105,333,228,75.64417656,75.64417656,0.331772704,0.37,196.3599633,196.3599633,0.213593678,#NAME?,0.21857,0.21857,100,0.246604386,0.246604386,150,0.344757,0.344757,250,0.388006,0.388006,350,0.401617391,0.401617391
R1,D0617,105,333,228,64.73075301,64.73075301,0.283906811,0.37,,nan,1,#NAME?,0.11051,0.11051,100,0.223064286,0.223064286,150,0.29193,0.29193,250,0.32781,0.32781,350,0.342889,0.342889
R1,D0620,105,333,228,69.86098637,69.86098637,0.306407835,0.37,,nan,1,#NAME?,0.26146,0.26146,100,0.271728571,0.271728571,150,0.320286154,0.320286154,250,0.349480323,0.349480323,350,0.347953529,0.347953529
R1,D0624,105,333,228,80.3335356,80.3335356,0.352340068,0.37,165.0731065,165.0731065,0.15123878,#NAME?,0.25242,0.25242,100,0.271717143,0.271717143,150,0.352395385,0.352395385,250,0.41804,0.41804,350,0.437717727,0.437717727
R1,D0627,105,333,228,71.09900373,71.09900373,0.311837736,0.37,250.1578427,250.1578427,0.459396892,#NAME?,0.07671,0.07671,100,0.233298182,0.233298182,150,0.291319091,0.291319091,250,0.369939811,0.369939811,350,0.375104583,0.375104583
R1,D0628,105,333,228,64.73012731,64.73012731,0.283904067,0.37,332.8187275,332.8187275,0.487834534,#NAME?,0.22902,0.22902,100,,nan,150,0.273625455,0.273625455,250,0.329693934,0.329693934,350,0.372851613,0.372851613
R1,D0629,105,333,228,66.88684832,66.88684832,0.29336337,0.37,,nan,1,#NAME?,0.21594,0.21594,100,0.226386154,0.226386154,150,0.293013929,0.293013929,250,0.334476429,0.334476429,350,0.350599375,0.350599375
R1,D0630,105,333,228,76.26552815,76.26552815,0.334497931,0.37,177.7494178,177.7494178,0.217132366,#NAME?,0.23871,0.23871,100,0.279460351,0.279460351,150,0.35078129,0.35078129,250,0.379742857,0.379742857,350,0.393255532,0.393255532
R1,D0631,105,333,228,75.90480529,75.90480529,0.332915813,0.37,195.5182609,195.5182609,0.25722072,#NAME?,0.26856,0.26856,100,0.28776,0.28776,150,0.331277568,0.331277568,250,0.386818,0.386818,350,0.404977561,0.404977561
R1,D0640,105,333,228,75.06692326,75.06692326,0.329240891,0.37,211.4455446,211.4455446,0.264516992,#NAME?,0.23037,0.23037,100,0.240610851,0.240610851,150,0.321889091,0.321889091,250,0.385288409,0.385288409,350,0.398517838,0.398517838
R1,D0643,105,333,228,77.27125184,77.27125184,0.338908999,0.37,183.539947,183.539947,0.191884583,#NAME?,0.26415,0.26415,100,0.268998333,0.268998333,150,0.338364643,0.338364643,250,0.403113333,0.403113333,350,0.397628085,0.397628085
R1,D0645,105,333,228,76.07764885,76.07764885,0.333673898,0.37,202.8379942,202.8379942,0.217506212,#NAME?,0.24946,0.24946,100,0.252760889,0.252760889,150,0.329277843,0.329277843,250,0.395515789,0.395515789,350,0.405850492,0.405850492
R1,D0647,105,333,228,90.12750245,90.12750245,0.395296063,0.37,131.5105524,131.5105524,0.103578561,#NAME?,0.27749,0.27749,100,0.31112283,0.31112283,150,0.392789512,0.392789512,250,0.4665075,0.4665075,350,0.450364565,0.450364565
R1,D0650,105,333,228,66.4005594,66.4005594,0.291230524,0.37,,nan,1,#NAME?,0.21037,0.21037,100,0.215977031,0.215977031,150,0.272047344,0.272047344,250,0.34308902,0.34308902,350,0.355548491,0.355548491
R1,AVG,105,333,228,73.08090094,73.08090094,0.320530267,0.37,,220.6543884,0.498772642,#NAME?,0.224844,0.224844,100,0.25520772,nan,150,0.319838705,0.319838705,250,0.374372999,0.374372999,350,0.385769255,0.385769255
R1,STD,0,0,0,6.469404766,6.469404766,0.028374582,0.37,,72.43768694,0.350824558,#NAME?,0.048051198,0.048051198,100,0.024255728,nan,150,0.029107656,0.029107656,250,0.036252267,0.036252267,350,0.033622305,0.033622305
R1,BootAvg,,,,,73.04852698,,,,219.345063,,#NAME?,,0.2254345,100,,nan,150,,0.319750688,250,,0.37419315,350,,0.385612668
R1,BootLower,,,,2.748588158,70.29993882,,,,187.1114934,,#NAME?,0.023497113,0.201937388,100,#VALUE!,nan,150,0.012303367,0.307447321,250,0.015728435,0.358464714,350,0.014473954,0.371138713
R1,BootUpper,,,,2.976721749,76.02524873,,,,262.4351112,,#NAME?,0.017968025,0.243402525,100,#VALUE!,nan,150,0.012996217,0.332746905,250,0.016303015,0.390496165,350,0.014970382,0.40058305
,,,,,,,,,,,,,,,,,,,,,,,,,,
R2,D0601,105,333,228,7.960557589,7.960557589,0.034914726,0.06,,nan,1,#NAME?,0.01999,0.01999,100,0.0219192,0.0219192,150,0.026909474,0.026909474,250,0.046444706,0.046444706,350,0.049082973,0.049082973
R2,D0603,105,333,228,12.59573388,12.59573388,0.055244447,0.06,214.2337662,214.2337662,0.23625917,#NAME?,0.04081,0.04081,100,0.042060893,0.042060893,150,0.047217818,0.047217818,250,0.06765,0.06765,350,0.07584449,0.07584449
R2,D0605,105,333,228,16.25561782,16.25561782,0.071296569,0.06,,nan,1,#NAME?,0.06747,0.06747,100,0.06964,0.06964,150,0.0754605,0.0754605,250,0.08988913,0.08988913,350,0.080957778,0.080957778
R2,D0608,105,333,228,10.08299927,10.08299927,0.044223681,0.06,423.5533597,423.5533597,0.662531037,#NAME?,0.0339,0.0339,100,0.036795968,0.036795968,150,0.046010816,0.046010816,250,0.051967419,0.051967419,350,0.051632222,0.051632222
R2,D0614,105,333,228,17.3768004,17.3768004,0.076214037,0.06,103.9786597,103.9786597,0.044968023,#NAME?,0.04904,0.04904,100,0.058102321,0.058102321,150,0.077561475,0.077561475,250,0.086208667,0.086208667,350,0.092356557,0.092356557
R2,D0615,105,333,228,9.932645844,9.932645844,0.043564236,0.06,,nan,1,#NAME?,0.03523,0.03523,100,0.037378125,0.037378125,150,0.04505,0.04505,250,0.047148837,0.047148837,350,0.0537125,0.0537125
R2,D0616,105,333,228,10.6364113,10.6364113,0.046650927,0.06,338.45686,338.45686,0.49112668,#NAME?,0.02862,0.02862,100,0.033318246,0.033318246,150,0.049716,0.049716,250,0.054893,0.054893,350,0.063548261,0.063548261
R2,D0617,105,333,228,14.74346179,14.74346179,0.064664306,0.06,153.1382637,153.1382637,0.275251139,#NAME?,0.02513,0.02513,100,0.044222857,0.044222857,150,0.0592,0.0592,250,0.07619625,0.07619625,350,0.081593,0.081593
R2,D0620,105,333,228,10.55979601,10.55979601,0.046314895,0.06,320.1726106,320.1726106,0.502538118,#NAME?,0.03931,0.03931,100,0.040047143,0.040047143,150,0.045745385,0.045745385,250,0.052326774,0.052326774,350,0.058877451,0.058877451
R2,D0624,105,333,228,16.99161605,16.99161605,0.074524632,0.06,127.6860548,127.6860548,0.076910646,#NAME?,0.02688,0.02688,100,0.036297347,0.036297347,150,0.072131538,0.072131538,250,0.091026226,0.091026226,350,0.095718485,0.095718485
R2,D0627,105,333,228,5.824809037,5.824809037,0.025547408,0.06,,nan,1,#NAME?,0.00754,0.00754,100,0.017977273,0.017977273,150,0.020637727,0.020637727,250,0.032429245,0.032429245,350,0.03498625,0.03498625
R2,D0628,105,333,228,9.889021538,9.889021538,0.043372901,0.06,337.1603875,337.1603875,0.497131451,#NAME?,0.03434,0.03434,100,,nan,150,0.042658182,0.042658182,250,0.049705082,0.049705082,350,0.059491613,0.059491613
R2,D0629,105,333,228,12.40027317,12.40027317,0.054387163,0.06,181.1234568,181.1234568,0.205895927,#NAME?,0.04082,0.04082,100,0.042300769,0.042300769,150,0.053549643,0.053549643,250,0.062401429,0.062401429,350,0.065556563,0.065556563
R2,D0630,105,333,228,10.78572284,10.78572284,0.047305802,0.06,363.878453,363.878453,0.618272528,#NAME?,0.03079,0.03079,100,0.036527895,0.036527895,150,0.047905484,0.047905484,250,0.053538571,0.053538571,350,0.058931064,0.058931064
R2,D0631,105,333,228,15.05090804,15.05090804,0.066012755,0.06,102.4119107,102.4119107,0.034478255,#NAME?,0.05736,0.05736,100,0.059558182,0.059558182,150,0.064278649,0.064278649,250,0.07527,0.07527,350,0.07899561,0.07899561
R2,D0640,105,333,228,14.72544751,14.72544751,0.064585296,0.06,157.5,157.5,0.143018018,#NAME?,0.03542,0.03542,100,0.037402553,0.037402553,150,0.055886364,0.055886364,250,0.077679318,0.077679318,350,0.083715946,0.083715946
R2,D0643,105,333,228,17.24032962,17.24032962,0.075615481,0.06,,nan,1,#NAME?,0.07591,0.07591,100,0.0766675,0.0766675,150,0.083636964,0.083636964,250,0.08683,0.08683,350,0.09056617,0.09056617
R2,D0645,105,333,228,14.05980879,14.05980879,0.061665828,0.06,166.6913738,166.6913738,0.142513224,#NAME?,0.03461,0.03461,100,0.035415333,0.035415333,150,0.054878039,0.054878039,250,0.068094474,0.068094474,350,0.094756557,0.094756557
R2,D0647,105,333,228,27.05014877,27.05014877,0.118641003,0.06,,nan,1,#NAME?,0.08909,0.08909,100,0.098480566,0.098480566,150,0.121613171,0.121613171,250,0.137454063,0.137454063,350,0.141327826,0.141327826
R2,D0650,105,333,228,10.39410635,10.39410635,0.045588186,0.06,463.5913978,463.5913978,0.767898746,#NAME?,0.03875,0.03875,100,0.038467188,0.038467188,150,0.035639063,0.035639063,250,0.056576471,0.056576471,350,0.059224528,0.059224528
R2,AVG,105,333,228,13.22781078,13.22781078,0.058016714,0.06,,246.6840396,0.534939648,#NAME?,0.0405505,0.0405505,100,0.045398914,nan,150,0.056284315,0.056284315,250,0.068186483,0.068186483,350,0.073543792,0.073543792
R2,STD,0,0,0,4.469993499,4.469993499,0.019605235,0.06,,118.884492,0.364171862,#NAME?,0.018759015,0.018759015,100,0.018857316,nan,150,0.021741045,0.021741045,250,0.022668628,0.022668628,350,0.022794252,0.022794252
R2,BootAvg,,,,,13.16630761,,,,245.9162001,,#NAME?,,0.0404595,100,,nan,150,,0.056124474,250,,0.06797153,350,,0.073458804
R2,BootLower,,,,1.716341021,11.44996659,,,,185.6980065,,#NAME?,0.007544,0.0329155,100,,nan,150,0.008730514,0.04739396,250,0.008937499,0.059034031,350,0.009178112,0.064280692
R2,BootUpper,,,,2.119689657,15.28599726,,,,310.5856011,,#NAME?,0.0088646,0.0493241,100,,nan,150,0.010352228,0.066476703,250,0.01115992,0.079131449,350,0.010519067,0.083977871
,,,,,,,,,,,,,,,,,,,,,,,,,,
RL,D0601,105,333,228,59.26368001,59.26368001,0.259928421,0.29,218.2775154,218.2775154,0.266151943,#NAME?,0.20642,0.20642,100,0.2249868,0.2249868,150,0.273746842,0.273746842,250,0.303583529,0.303583529,350,0.289092703,0.289092703
RL,D0603,105,333,228,63.38981306,63.38981306,0.278025496,0.29,183.9439324,183.9439324,0.180884703,#NAME?,0.17581,0.17581,100,0.192781429,0.192781429,150,0.249822727,0.249822727,250,0.33589,0.33589,350,0.347267755,0.347267755
RL,D0605,105,333,228,58.71068348,58.71068348,0.257502998,0.29,213.9537167,213.9537167,0.290144482,#NAME?,0.22206,0.22206,100,0.231076,0.231076,150,0.2730935,0.2730935,250,0.312236522,0.312236522,350,0.314651111,0.314651111
RL,D0608,105,333,228,58.17984535,58.17984535,0.25517476,0.29,236.3570857,236.3570857,0.296197819,#NAME?,0.20367,0.20367,100,0.219374032,0.219374032,150,0.269393673,0.269393673,250,0.292748387,0.292748387,350,0.290673333,0.290673333
RL,D0614,105,333,228,66.63915357,66.63915357,0.292276989,0.29,156.1872333,156.1872333,0.147137443,#NAME?,0.19954,0.19954,100,0.224229821,0.224229821,150,0.284295574,0.284295574,250,0.341628,0.341628,350,0.336576885,0.336576885
RL,D0615,105,333,228,54.08538789,54.08538789,0.237216614,0.29,,nan,1,#NAME?,0.17656,0.17656,100,0.194235,0.194235,150,0.25736,0.25736,250,0.27199093,0.27199093,350,0.273535,0.273535
RL,D0616,105,333,228,62.51985585,62.51985585,0.274209894,0.29,157.4757506,157.4757506,0.13764795,#NAME?,0.19312,0.19312,100,0.213441053,0.213441053,150,0.285684,0.285684,250,0.319543333,0.319543333,350,0.319077826,0.319077826
RL,D0617,105,333,228,54.87476814,54.87476814,0.240678808,0.29,,nan,1,#NAME?,0.09804,0.09804,100,0.187023571,0.187023571,150,0.25352,0.25352,250,0.278575625,0.278575625,350,0.276346,0.276346
RL,D0620,105,333,228,56.3226228,56.3226228,0.247029047,0.29,197.2251755,197.2251755,0.236418129,#NAME?,0.21938,0.21938,100,0.231352571,0.231352571,150,0.266546923,0.266546923,250,0.276574032,0.276574032,350,0.268524118,0.268524118
RL,D0624,105,333,228,67.52374609,67.52374609,0.296156781,0.29,142.5194489,142.5194489,0.106400495,#NAME?,0.20342,0.20342,100,0.221893265,0.221893265,150,0.297100769,0.297100769,250,0.354407547,0.354407547,350,0.362022576,0.362022576
RL,D0627,105,333,228,57.90952439,57.90952439,0.253989142,0.29,224.3604325,224.3604325,0.407905055,#NAME?,0.07109,0.07109,100,0.199232727,0.199232727,150,0.24479,0.24479,250,0.300565283,0.300565283,350,0.293402292,0.293402292
RL,D0628,105,333,228,53.41164154,53.41164154,0.234261586,0.29,309.7171334,309.7171334,0.438366453,#NAME?,0.18919,0.18919,100,,nan,150,0.228476061,0.228476061,250,0.272401803,0.272401803,350,0.303003871,0.303003871
RL,D0629,105,333,228,56.8278126,56.8278126,0.249244792,0.29,,nan,1,#NAME?,0.19131,0.19131,100,0.202550385,0.202550385,150,0.260434107,0.260434107,250,0.280820714,0.280820714,350,0.286892188,0.286892188
RL,D0630,105,333,228,59.99746221,59.99746221,0.263146764,0.29,179.2113442,179.2113442,0.220283069,#NAME?,0.20199,0.20199,100,0.229928947,0.229928947,150,0.277872581,0.277872581,250,0.297784286,0.297784286,350,0.304055957,0.304055957
RL,D0631,105,333,228,63.62286223,63.62286223,0.279047641,0.29,161.3032362,161.3032362,0.175366594,#NAME?,0.22205,0.22205,100,0.240295455,0.240295455,150,0.28056027,0.28056027,250,0.321332,0.321332,350,0.340099756,0.340099756
RL,D0640,105,333,228,65.33170053,65.33170053,0.286542546,0.29,154.5114998,154.5114998,0.136287162,#NAME?,0.20396,0.20396,100,0.212762128,0.212762128,150,0.284293636,0.284293636,250,0.336273864,0.336273864,350,0.335773784,0.335773784
RL,D0643,105,333,228,64.25136505,64.25136505,0.281804233,0.29,143.8974943,143.8974943,0.103985575,#NAME?,0.23222,0.23222,100,0.236536667,0.236536667,150,0.29334875,0.29334875,250,0.32959,0.32959,350,0.316723617,0.316723617
RL,D0645,105,333,228,62.86508783,62.86508783,0.275724069,0.29,174.0124658,174.0124658,0.157702211,#NAME?,0.21936,0.21936,100,0.221610667,0.221610667,150,0.274514314,0.274514314,250,0.323899211,0.323899211,350,0.331643934,0.331643934
RL,D0647,105,333,228,76.23758179,76.23758179,0.334375359,0.29,110.7852087,110.7852087,0.060220102,#NAME?,0.2524,0.2524,100,0.275912075,0.275912075,150,0.338784878,0.338784878,250,0.389611875,0.389611875,350,0.377627609,0.377627609
RL,D0650,105,333,228,54.70006251,54.70006251,0.239912555,0.29,,nan,1,#NAME?,0.18667,0.18667,100,0.190423125,0.190423125,150,0.227954375,0.227954375,250,0.279362353,0.279362353,350,0.285904151,0.285904151
RL,AVG,105,333,228,60.83323285,60.83323285,0.266812425,0.29,,185.2336671,0.368054959,#NAME?,0.193413,0.193413,100,0.218402406,nan,150,0.271079649,0.271079649,250,0.310940965,0.310940965,350,0.312644723,0.312644723
RL,STD,0,0,0,5.487959636,5.487959636,0.024069998,0.29,,46.14616219,0.329371251,#NAME?,0.040799024,0.040799024,100,0.020976934,nan,150,0.024423045,0.024423045,250,0.030647171,0.030647171,350,0.029908754,0.029908754
RL,BootAvg,,,,,60.7883964,,,,184.5241422,,#NAME?,,0.19406475,100,,nan,150,,0.271008371,250,,0.310845198,350,,0.312608379
RL,BootLower,,,,2.227343967,58.56105243,,,,163.7177314,,#NAME?,0.020371988,0.173692763,100,,nan,150,0.010293013,0.260715358,250,0.012629817,0.29821538,350,0.012772999,0.29983538
RL,BootUpper,,,,2.547740048,63.33613645,,,,209.1332737,,#NAME?,0.015128863,0.209193613,100,,nan,150,0.011150538,0.282158908,250,0.014095246,0.324940444,350,0.013262568,0.325870947
,,,,,,,,,,,,,,,,,,,,,,,,,,
RSU,D0601,105,333,228,19.67278706,19.67278706,0.086284154,0.11,276.0071174,276.0071174,0.382308083,#NAME?,0.03891,0.03891,100,0.0511936,0.0511936,150,0.08533193,0.08533193,250,0.107850588,0.107850588,350,0.107385405,0.107385405
RSU,D0603,105,333,228,23.92245776,23.92245776,0.10492306,0.11,190.594702,190.594702,0.193043331,#NAME?,0.03422,0.03422,100,0.045400357,0.045400357,150,0.082137273,0.082137273,250,0.14077,0.14077,350,0.142555918,0.142555918
RSU,D0605,105,333,228,21.37138203,21.37138203,0.093734132,0.11,207.2745843,207.2745843,0.274999057,#NAME?,0.04917,0.04917,100,0.05813,0.05813,150,0.088634,0.088634,250,0.130028043,0.130028043,350,0.13177,0.13177
RSU,D0608,105,333,228,21.79462389,21.79462389,0.095590456,0.11,212.4692861,212.4692861,0.249450658,#NAME?,0.0403,0.0403,100,0.052406452,0.052406452,150,0.091249796,0.091249796,250,0.120938387,0.120938387,350,0.123636,0.123636
RSU,D0614,105,333,228,29.6413233,29.6413233,0.130005804,0.11,153.647508,153.647508,0.142167335,#NAME?,0.04255,0.04255,100,0.060827321,0.060827321,150,0.10702459,0.10702459,250,0.161866667,0.161866667,350,0.173372459,0.173372459
RSU,D0615,105,333,228,18.94367227,18.94367227,0.083086282,0.11,304.371179,304.371179,0.480993786,#NAME?,0.03684,0.03684,100,0.046108438,0.046108438,150,0.07921,0.07921,250,0.103604651,0.103604651,350,0.113147,0.113147
RSU,D0616,105,333,228,25.21088503,25.21088503,0.110574057,0.11,168.4514107,168.4514107,0.159084786,#NAME?,0.03616,0.03616,100,0.049442807,0.049442807,150,0.098228,0.098228,250,0.143229333,0.143229333,350,0.151955,0.151955
RSU,D0617,105,333,228,17.02648538,17.02648538,0.074677567,0.11,323.1071429,323.1071429,0.652122268,#NAME?,0.00712,0.00712,100,0.038890714,0.038890714,150,0.06823,0.06823,250,0.091485,0.091485,350,0.11251,0.11251
RSU,D0620,105,333,228,21.92747952,21.92747952,0.096173156,0.11,182.0140306,182.0140306,0.203493573,#NAME?,0.05008,0.05008,100,0.056676571,0.056676571,150,0.089126923,0.089126923,250,0.123552258,0.123552258,350,0.118887647,0.118887647
RSU,D0624,105,333,228,28.53693448,28.53693448,0.125161993,0.11,152.7444444,152.7444444,0.126728518,#NAME?,0.04844,0.04844,100,0.059280612,0.059280612,150,0.10753,0.10753,250,0.168066038,0.168066038,350,0.175912121,0.175912121
RSU,D0627,105,333,228,21.68292137,21.68292137,0.095100532,0.11,221.4038462,221.4038462,0.402003685,#NAME?,0.00324,0.00324,100,0.046117273,0.046117273,150,0.076263182,0.076263182,250,0.12126717,0.12126717,350,0.1309425,0.1309425
RSU,D0628,105,333,228,18.76965244,18.76965244,0.082323037,0.11,281.7721843,281.7721843,0.378527161,#NAME?,0.04395,0.04395,100,,nan,150,0.068551818,0.068551818,250,0.103895574,0.103895574,350,0.129344839,0.129344839
RSU,D0629,105,333,228,19.35958591,19.35958591,0.084910465,0.11,281.0879121,281.0879121,0.439457739,#NAME?,0.03568,0.03568,100,0.040730769,0.040730769,150,0.075154643,0.075154643,250,0.104774286,0.104774286,350,0.119305313,0.119305313
RSU,D0630,105,333,228,25.02941586,25.02941586,0.10977814,0.11,160.0883514,160.0883514,0.179069723,#NAME?,0.04033,0.04033,100,0.061562632,0.061562632,150,0.103406774,0.103406774,250,0.137995714,0.137995714,350,0.145248085,0.145248085
RSU,D0631,105,333,228,25.27385648,25.27385648,0.110850248,0.11,159.7241739,159.7241739,0.171588933,#NAME?,0.05332,0.05332,100,0.065647273,0.065647273,150,0.102444054,0.102444054,250,0.142678,0.142678,350,0.146391707,0.146391707
RSU,D0640,105,333,228,24.96758261,24.96758261,0.109506941,0.11,179.7856465,179.7856465,0.193210916,#NAME?,0.03977,0.03977,100,0.045168723,0.045168723,150,0.088861818,0.088861818,250,0.142362955,0.142362955,350,0.15096027,0.15096027
RSU,D0643,105,333,228,25.70358217,25.70358217,0.11273501,0.11,171.5166625,171.5166625,0.165225416,#NAME?,0.05308,0.05308,100,0.055535833,0.055535833,150,0.094665536,0.094665536,250,0.152183333,0.152183333,350,0.15030617,0.15030617
RSU,D0645,105,333,228,25.8987563,25.8987563,0.113591036,0.11,170.9331777,170.9331777,0.151313647,#NAME?,0.04871,0.04871,100,0.050599778,0.050599778,150,0.095933725,0.095933725,250,0.149478421,0.149478421,350,0.153973115,0.153973115
RSU,D0647,105,333,228,35.88394425,35.88394425,0.15738572,0.11,126.578442,126.578442,0.093260339,#NAME?,0.05569,0.05569,100,0.077619434,0.077619434,150,0.134257561,0.134257561,250,0.206689063,0.206689063,350,0.200191957,0.200191957
RSU,D0650,105,333,228,20.47031843,20.47031843,0.089782098,0.11,224.2481752,224.2481752,0.269267032,#NAME?,0.03725,0.03725,100,0.040120313,0.040120313,150,0.068823438,0.068823438,250,0.116225882,0.116225882,350,0.123507547,0.123507547
RSU,AVG,105,333,228,23.55438233,23.55438233,0.103308694,0.11,,207.3909989,0.265365799,#NAME?,0.0397405,0.0397405,100,0.052708363,nan,150,0.090253253,0.090253253,250,0.133447068,0.133447068,350,0.140065153,0.140065153
RSU,STD,0,0,0,4.341489074,4.341489074,0.019041619,0.11,,55.54692351,0.14155431,#NAME?,0.013165167,0.013165167,100,0.009559293,nan,150,0.015828568,0.015828568,250,0.026482321,0.026482321,350,0.023327467,0.023327467
RSU,BootAvg,,,,,23.52970688,,,,206.7932097,,#NAME?,,0.0399685,100,,nan,150,,0.090130083,250,,0.133190986,350,,0.139930974
RSU,BootLower,,,,1.761516857,21.76819002,,,,183.8721574,,#NAME?,0.006624025,0.033344475,100,,nan,150,0.006357223,0.08377286,250,0.010999101,0.122191885,350,0.009693493,0.13023748
RSU,BootUpper,,,,2.046026741,25.57573362,,,,231.6670712,,#NAME?,0.005003625,0.044972125,100,,nan,150,0.007334949,0.097465032,250,0.012238516,0.145429502,350,0.010792513,0.150723486
,,,,,,,,,,,,,,,,,,,,,,,,,,
litepyramid,D0601,105,333,228,-228,-228,-1,0.5,,nan,1,#NAME?,-1,-1,100,-1,-1,150,-1,-1,250,-1,-1,350,-1,-1
litepyramid,D0603,105,333,228,-228,-228,-1,0.5,,nan,1,#NAME?,-1,-1,100,-1,-1,150,-1,-1,250,-1,-1,350,-1,-1
litepyramid,D0605,105,333,228,-228,-228,-1,0.5,,nan,1,#NAME?,-1,-1,100,-1,-1,150,-1,-1,250,-1,-1,350,-1,-1
litepyramid,D0608,105,333,228,-228,-228,-1,0.5,,nan,1,#NAME?,-1,-1,100,-1,-1,150,-1,-1,250,-1,-1,350,-1,-1
litepyramid,D0614,105,333,228,-228,-228,-1,0.5,,nan,1,#NAME?,-1,-1,100,-1,-1,150,-1,-1,250,-1,-1,350,-1,-1
litepyramid,D0615,105,333,228,-228,-228,-1,0.5,,nan,1,#NAME?,-1,-1,100,-1,-1,150,-1,-1,250,-1,-1,350,-1,-1
litepyramid,D0616,105,333,228,-228,-228,-1,0.5,,nan,1,#NAME?,-1,-1,100,-1,-1,150,-1,-1,250,-1,-1,350,-1,-1
litepyramid,D0617,105,333,228,-228,-228,-1,0.5,,nan,1,#NAME?,-1,-1,100,-1,-1,150,-1,-1,250,-1,-1,350,-1,-1
litepyramid,D0620,105,333,228,-228,-228,-1,0.5,,nan,1,#NAME?,-1,-1,100,-1,-1,150,-1,-1,250,-1,-1,350,-1,-1
litepyramid,D0624,105,333,228,-228,-228,-1,0.5,,nan,1,#NAME?,-1,-1,100,-1,-1,150,-1,-1,250,-1,-1,350,-1,-1
litepyramid,D0627,105,333,228,-228,-228,-1,0.5,,nan,1,#NAME?,-1,-1,100,-1,-1,150,-1,-1,250,-1,-1,350,-1,-1
litepyramid,D0628,105,333,228,-228,-228,-1,0.5,,nan,1,#NAME?,-1,-1,100,,nan,150,-1,-1,250,-1,-1,350,-1,-1
litepyramid,D0629,105,333,228,-228,-228,-1,0.5,,nan,1,#NAME?,-1,-1,100,-1,-1,150,-1,-1,250,-1,-1,350,-1,-1
litepyramid,D0630,105,333,228,-228,-228,-1,0.5,,nan,1,#NAME?,-1,-1,100,-1,-1,150,-1,-1,250,-1,-1,350,-1,-1
litepyramid,D0631,105,333,228,-228,-228,-1,0.5,,nan,1,#NAME?,-1,-1,100,-1,-1,150,-1,-1,250,-1,-1,350,-1,-1
litepyramid,D0640,105,333,228,-228,-228,-1,0.5,,nan,1,#NAME?,-1,-1,100,-1,-1,150,-1,-1,250,-1,-1,350,-1,-1
litepyramid,D0643,105,333,228,-228,-228,-1,0.5,,nan,1,#NAME?,-1,-1,100,-1,-1,150,-1,-1,250,-1,-1,350,-1,-1
litepyramid,D0645,105,333,228,-228,-228,-1,0.5,,nan,1,#NAME?,-1,-1,100,-1,-1,150,-1,-1,250,-1,-1,350,-1,-1
litepyramid,D0647,105,333,228,-228,-228,-1,0.5,,nan,1,#NAME?,-1,-1,100,-1,-1,150,-1,-1,250,-1,-1,350,-1,-1
litepyramid,D0650,105,333,228,-228,-228,-1,0.5,,nan,1,#NAME?,-1,-1,100,-1,-1,150,-1,-1,250,-1,-1,350,-1,-1
litepyramid,AVG,105,333,228,-228,-228,-1,0.5,,nan,1,#NAME?,-1,-1,100,-1,nan,150,-1,-1,250,-1,-1,350,-1,-1
litepyramid,STD,0,0,0,0,0,0,0.5,,nan,0,#NAME?,0,0,100,0,nan,150,0,0,250,0,0,350,0,0
litepyramid,BootAvg,,,,,-228,,,,nan,,#NAME?,,-1,100,,nan,150,,-1,250,,-1,350,,-1
litepyramid,BootLower,,,,,-228,,,,nan,,#NAME?,,-1,100,,nan,150,,-1,250,,-1,350,,-1
litepyramid,BootUpper,,,,,-228,,,,nan,,#NAME?,,-1,100,,nan,150,,-1,250,,-1,350,,-1
,,,,,,,,,,,,,,,,,,,,,,,,,,
,,,,,,,,,,,,,,,,,,,,,,,,,,
metric,topic,num_ratings_per_session_avg,num_ratings_per_session_std,initial_rating_avg,initial_rating_std,response_rating_avg,response_rating_std,total_rating_avg,total_rating_std,,,,,,,,,,,,,,,,,
rating,AVG,nan,nan,nan,nan,nan,nan,nan,nan,,,,,,,,,,,,,,,,,
,,,,,,,,,,,,,,,,,,,,,,,,,,
metric,topic,numSessionsWithRating,r1_rating_avg,r1_rating_std,r2_rating_avg,r2_rating_std,umuxLiteScore_avg,umuxLiteScore_std,r3_rating_avg,r3_rating_std,,,,,,,,,,,,,,,,
